"",N1,N2,N3,N4,N5,N6,N7,N8,N9,M1,M2,M3
1,0.0001,0.0001,0.0001,0.0001,10.01619353,0.02,0.0001,0.001,0.0001,STOP,STOP,STOP
2,0.0001,0.0001,0.100438291,10.01609353,10.01619353,0.2,0.0001,0.0001,9.98E-06,RAISE,RAISE,RAISE
3,0.0201,0.0011,0.771747261,9.915755235,10.01619353,0.002005538,0.4001,0.3001,0.010027591,RAISE,RAISE,RAISE
4,0.0401,0.0021,1.058466303,9.244446265,10.01619353,0.015566081,0.8001,0.6001,0.077049955,RAISE,LOWER,RAISE
5,0.0391,0.0031,1.541289051,8.957727222,10.01619353,0.022899507,1.2001,0.9001,0.105675504,RAISE,LOWER,RAISE
6,0.0381,0.0041,2.417454465,8.474904475,10.01619353,0.034412502,1.6001,1.2001,0.15387972,RAISE,LOWER,RAISE
7,0.0371,0.0051,2.790731651,7.598739061,10.01619353,0.057049716,2.0001,1.5001,0.241354608,RAISE,LOWER,RAISE
8,0.0361,0.0061,3.608869814,7.225461875,10.01619353,0.073452493,2.4001,1.8001,0.278621978,RAISE,LOWER,RAISE
9,0.0351,0.0071,4.325831618,6.407323711,10.01619353,0.099893125,2.8001,2.1001,0.360303523,RAISE,LOWER,RAISE
10,0.0341,0.0081,4.70437802,5.690361908,10.01619353,0.135027722,3.2001,2.4001,0.43188379,RAISE,LOWER,RAISE
11,0.0331,0.0091,5.642595967,5.311815505,10.01619353,0.165345477,3.6001,2.7001,0.469677229,RAISE,LOWER,RAISE
12,0.0321,0.0101,6.136865389,4.373597558,10.01619353,0.212454516,4.0001,3.0001,0.563347339,RAISE,LOWER,RAISE
13,0.0311,0.0111,6.760786366,3.879328136,10.01619353,0.280632377,4.4001,3.3001,0.612694371,RAISE,LOWER,RAISE
14,0.0301,0.0121,6.837481468,3.25540716,10.01619353,0.348554498,4.8001,3.6001,0.674985597,RAISE,LOWER,RAISE
15,0.0291,0.0131,7.45901525,3.178712057,10.01619353,0.420069204,5.2001,3.9001,0.682642708,RAISE,LOWER,RAISE
16,0.0281,0.0141,8.119674946,2.557178275,10.01619353,0.469310533,5.6001,4.2001,0.7446956,RAISE,LOWER,RAISE
17,0.0271,0.0151,9.119635659,1.89651858,10.01619353,0.63504958,6.0001,4.5001,0.810654759,RAISE,LOWER,RAISE
18,0.0261,0.0161,9.530533674,0.896557866,10.01619353,0.96172384,6.4001,4.8001,0.910489163,RAISE,LOWER,RAISE
19,0.0251,0.0171,5.833630276,0.485659851,10.01619353,2.126027563,6.8001,5.1001,0.951512533,RAISE,LOWER,RAISE
20,0.0241,0.0181,6.423934333,4.182563249,10.01619353,2.402352288,7.2001,5.4001,0.582419884,RAISE,HOLD,RAISE
21,0.0241,0.0191,7.350685582,3.592259192,10.01619353,0.307176913,7.6001,5.7001,0.641354854,RAISE,HOLD,RAISE
22,0.0241,0.0201,7.951592245,2.665507944,10.01619353,0.409251404,8.0001,6.0001,0.733880147,RAISE,RAISE,RAISE
23,0.0441,0.0211,8.616112398,2.06460128,10.01619353,0.596628666,8.4001,6.3001,0.793873663,RAISE,RAISE,RAISE
24,0.0641,0.0221,9.119560306,1.400081127,10.01619353,0.834651463,8.8001,6.6001,0.860218243,RAISE,LOWER,RAISE
25,0.0631,0.0231,9.361635174,0.89663322,10.01619353,1.302718839,9.2001,6.9001,0.91048164,RAISE,LOWER,RAISE
26,0.0621,0.0241,10.09954445,0.654558351,10.01619353,2.088174957,9.6001,7.2001,0.93464999,RAISE,LOWER,RAISE
27,0.0611,0.0251,1.235094789,-0.083350929,10.01619353,3.085911114,10.0001,7.5001,1.008321617,HOLD,LOWER,HOLD
28,0.0601,0.0251,1.87733109,8.781098736,10.01619353,-2.963601747,10.0001,7.5001,0.123309797,RAISE,LOWER,RAISE
29,0.0591,0.0261,1.921469117,8.138862435,10.01619353,0.042758455,10.4001,7.8001,0.187429594,RAISE,LOWER,RAISE
30,0.0581,0.0271,2.029482775,8.094724409,10.01619353,0.047217142,10.8001,8.1001,0.191836261,RAISE,LOWER,RAISE
31,0.0571,0.0281,2.243825884,7.98671075,10.01619353,0.050143345,11.2001,8.4001,0.202620164,RAISE,LOWER,RAISE
32,0.0561,0.0291,2.925271035,7.772367642,10.01619353,0.056188986,11.6001,8.7001,0.224019821,RAISE,LOWER,RAISE
33,0.0551,0.0301,3.820037577,7.09092249,10.01619353,0.075273615,12.0001,9.0001,0.292054165,RAISE,LOWER,RAISE
34,0.0541,0.0311,4.501313274,6.196155949,10.01619353,0.107744446,12.4001,9.3001,0.381386159,RAISE,LOWER,RAISE
35,0.0531,0.0321,4.731853879,5.514880252,10.01619353,0.145293737,12.8001,9.6001,0.449403585,RAISE,LOWER,RAISE
36,0.0521,0.0331,5.152140498,5.284339647,10.01619353,0.171603141,13.2001,9.9001,0.472420373,RAISE,LOWER,RAISE
37,0.0511,0.0341,5.905913775,4.864053027,10.01619353,0.194996569,13.6001,10.2001,0.514381085,RAISE,LOWER,RAISE
38,0.0501,0.0351,6.668626073,4.110279751,10.01619353,0.242839202,14.0001,10.5001,0.589636548,RAISE,HOLD,RAISE
39,0.0501,0.0361,7.161512766,3.347567452,10.01619353,0.324485265,14.4001,10.8001,0.665784468,RAISE,HOLD,RAISE
40,0.0501,0.0371,7.772800941,2.854680759,10.01619353,0.427863687,14.8001,11.1001,0.71499345,RAISE,HOLD,RAISE
41,0.0501,0.0381,8.510189727,2.243392585,10.01619353,0.544565336,15.2001,11.4001,0.776023439,RAISE,HOLD,RAISE
42,0.0501,0.0391,8.598497687,1.506003798,10.01619353,0.758689298,15.6001,11.7001,0.849643101,RAISE,HOLD,RAISE
43,0.0501,0.0401,9.459621898,1.417695838,10.01619353,1.141895883,16.0001,12.0001,0.85845962,RAISE,RAISE,RAISE
44,0.0701,0.0411,10.0893528,0.556571628,10.01619353,1.334506548,16.4001,12.3001,0.94443282,RAISE,RAISE,RAISE
45,0.0901,0.0421,3.59495437,-0.073159274,10.01619353,3.625536156,16.8001,12.6001,1.007304099,HOLD,LOWER,HOLD
46,0.0891,0.0421,4.460822383,6.421239156,10.01619353,-9.827747515,16.8001,12.6001,0.358914228,RAISE,LOWER,RAISE
47,0.0881,0.0431,5.158686595,5.555371142,10.01619353,0.138939612,17.2001,12.9001,0.445361042,RAISE,LOWER,RAISE
48,0.0871,0.0441,5.494899064,4.857506931,10.01619353,0.185718882,17.6001,13.2001,0.515034637,RAISE,LOWER,RAISE
49,0.0861,0.0451,6.289050417,4.521294462,10.01619353,0.226243591,18.0001,13.5001,0.548601527,RAISE,LOWER,RAISE
50,0.0851,0.0461,6.315917534,3.727143109,10.01619353,0.278196896,18.4001,13.8001,0.627888269,RAISE,LOWER,RAISE
51,0.0841,0.0471,6.947862727,3.700275992,10.01619353,0.338914678,18.8001,14.1001,0.630570637,RAISE,LOWER,RAISE
52,0.0831,0.0481,7.445500308,3.068330798,10.01619353,0.375532136,19.2001,14.4001,0.693662988,RAISE,LOWER,RAISE
53,0.0821,0.0491,8.223562208,2.570693218,10.01619353,0.485312751,19.6001,14.7001,0.743346291,RAISE,LOWER,RAISE
54,0.0811,0.0501,8.431016606,1.792631317,10.01619353,0.639793356,20.0001,15.0001,0.821026689,RAISE,LOWER,RAISE
55,0.0801,0.0511,8.450216476,1.585176919,10.01619353,0.940630293,20.4001,15.3001,0.841738589,RAISE,LOWER,RAISE
56,0.0791,0.0521,9.320475112,1.565977049,10.01619353,1.066154367,20.8001,15.6001,0.843655472,RAISE,LOWER,RAISE
57,0.0781,0.0531,8.597485863,0.695718414,10.01619353,1.190371866,21.2001,15.9001,0.930540638,RAISE,LOWER,RAISE
58,0.0771,0.0541,9.173204165,1.418707663,10.01619353,2.471541845,21.6001,16.2001,0.858358601,RAISE,HOLD,RAISE
59,0.0771,0.0551,0.479410523,0.84298936,10.01619353,1.293177503,22.0001,16.5001,0.915837353,RAISE,HOLD,RAISE
60,0.0771,0.0561,1.452474549,9.536783002,10.01619353,0.113740587,22.4001,16.8001,0.047863544,RAISE,HOLD,RAISE
61,0.0771,0.0571,1.757376201,8.563718977,10.01619353,0.030460472,22.8001,17.1001,0.145012628,RAISE,HOLD,RAISE
62,0.0771,0.0581,2.047085452,8.258817324,10.01619353,0.04104236,23.2001,17.4001,0.175453499,RAISE,HOLD,RAISE
63,0.0771,0.0591,2.665043127,7.969108074,10.01619353,0.049573332,23.6001,17.7001,0.204377586,RAISE,HOLD,RAISE
64,0.0771,0.0601,3.641364405,7.351150399,10.01619353,0.066884351,24.0001,18.0001,0.266073446,RAISE,HOLD,RAISE
65,0.0771,0.0611,4.119692179,6.37482912,10.01619353,0.09906924,24.4001,18.3001,0.363547729,RAISE,RAISE,RAISE
66,0.0971,0.0621,4.413709468,5.896501347,10.01619353,0.129248709,24.8001,18.6001,0.411303173,RAISE,RAISE,RAISE
67,0.1171,0.0631,5.224611323,5.602484057,10.01619353,0.149706045,25.2001,18.9001,0.440657367,RAISE,LOWER,RAISE
68,0.1161,0.0641,5.62276096,4.791582202,10.01619353,0.186510529,25.6001,19.2001,0.521616451,RAISE,LOWER,RAISE
69,0.1151,0.0651,6.564312429,4.393432565,10.01619353,0.23469329,26.0001,19.5001,0.561367045,RAISE,LOWER,RAISE
70,0.1141,0.0661,7.083867754,3.451881096,10.01619353,0.298823862,26.4001,19.8001,0.655369968,RAISE,LOWER,RAISE
71,0.1131,0.0671,7.452966313,2.932325771,10.01619353,0.410435212,26.8001,20.1001,0.707241502,RAISE,LOWER,RAISE
72,0.1121,0.0681,8.399069173,2.563227212,10.01619353,0.508331399,27.2001,20.4001,0.744091685,RAISE,LOWER,RAISE
73,0.1111,0.0691,8.966069033,1.617124352,10.01619353,0.655351124,27.6001,20.7001,0.838549011,RAISE,LOWER,RAISE
74,0.1101,0.0701,9.002809004,1.050124492,10.01619353,1.108890485,28.0001,21.0001,0.895157328,RAISE,LOWER,RAISE
75,0.1091,0.0711,9.127921424,1.013384521,10.01619353,1.714617471,28.4001,21.3001,0.898825385,RAISE,LOWER,RAISE
76,0.1081,0.0721,10.08323432,0.888272101,10.01619353,1.801472438,28.8001,21.6001,0.9113164,RAISE,LOWER,RAISE
77,0.1071,0.0731,7.837436794,-0.067040795,10.01619353,2.270303054,29.2001,21.9001,1.006693241,HOLD,STOP,HOLD
78,0.0001,0.0731,7.919987847,2.178756731,10.01619353,-23.3810973,29.2001,21.9001,0.782476574,RAISE,HOLD,RAISE
79,0.0001,0.0741,8.205371252,2.096205679,10.01619353,0.727019014,29.6001,22.2001,0.790718333,RAISE,RAISE,RAISE
80,0.0201,0.0751,8.263718335,1.810822273,10.01619353,0.782878449,30.0001,22.5001,0.819210535,RAISE,RAISE,RAISE
81,0.0401,0.0761,8.386700849,1.752475191,10.01619353,0.912703412,30.4001,22.8001,0.82503581,RAISE,RAISE,RAISE
82,0.0601,0.0771,9.256847649,1.629492676,10.01619353,0.957126343,30.8001,23.1001,0.837314178,RAISE,RAISE,RAISE
83,0.0801,0.0781,9.862953047,0.759345877,10.01619353,1.136163149,31.2001,23.4001,0.924188178,RAISE,RAISE,RAISE
84,0.1001,0.0791,8.379977307,0.153240479,10.01619353,2.597749812,31.6001,23.7001,0.984700727,HOLD,RAISE,HOLD
85,0.1201,0.0791,8.442001442,1.636216219,10.01619353,10.93702835,31.6001,23.7001,0.836642911,RAISE,RAISE,RAISE
86,0.1401,0.0801,9.281526361,1.574192083,10.01619353,1.031893138,32.0001,24.0001,0.842835297,RAISE,LOWER,RAISE
87,0.1391,0.0811,10.02025536,0.734667165,10.01619353,1.179211414,32.4001,24.3001,0.92665206,RAISE,LOWER,RAISE
88,0.1381,0.0821,4.048574711,-0.004061836,10.01619353,2.727835364,32.8001,24.6001,1.000405527,HOLD,LOWER,HOLD
89,0.1371,0.0821,4.569624422,5.967618814,10.01619353,-199.3470501,32.8001,24.6001,0.404202924,RAISE,LOWER,RAISE
90,0.1361,0.0831,5.424397197,5.446569104,10.01619353,0.153147329,33.2001,24.9001,0.456223655,RAISE,LOWER,RAISE
91,0.1351,0.0841,5.708317246,4.591796329,10.01619353,0.199185839,33.6001,25.2001,0.541562739,RAISE,LOWER,RAISE
92,0.1341,0.0851,5.853172146,4.30787628,10.01619353,0.248631117,34.0001,25.5001,0.569908841,RAISE,LOWER,RAISE
93,0.1331,0.0861,5.901175122,4.16302138,10.01619353,0.271742816,34.4001,25.8001,0.584370912,RAISE,LOWER,RAISE
94,0.1321,0.0871,6.86726499,4.115018403,10.01619353,0.283504435,34.8001,26.1001,0.589163449,RAISE,LOWER,RAISE
95,0.1311,0.0881,7.336871593,3.148928535,10.01619353,0.333765943,35.2001,26.4001,0.685616245,RAISE,LOWER,RAISE
96,0.1301,0.0891,8.182200979,2.679321932,10.01619353,0.465991623,35.6001,26.7001,0.732500982,RAISE,HOLD,RAISE
97,0.1301,0.0901,8.550189808,1.833992546,10.01619353,0.610766544,36.0001,27.0001,0.816897253,RAISE,HOLD,RAISE
98,0.1301,0.0911,9.364704365,1.466003717,10.01619353,0.932412711,36.4001,27.3001,0.853636642,RAISE,HOLD,RAISE
99,0.1301,0.0921,10.2616113,0.65148916,10.01619353,1.277582622,36.8001,27.6001,0.934956412,RAISE,HOLD,RAISE
100,0.1301,0.0931,8.487752959,-0.245417775,10.01619353,3.150201701,37.2001,27.9001,1.0245021,STOP,HOLD,STOP
101,0.1301,0.0001,8.758029576,1.528440567,10.01619353,-6.916983046,0.0001,0.0001,0.847403052,RAISE,HOLD,RAISE
102,0.1301,0.0011,8.937496064,1.25816395,10.01619353,1.146008522,0.4001,0.3001,0.874387017,RAISE,LOWER,RAISE
103,0.1291,0.0021,9.153226289,1.078697461,10.01619353,1.420720418,0.8001,0.6001,0.892304651,RAISE,LOWER,RAISE
104,0.1281,0.0031,10.13929573,0.862967236,10.01619353,1.697088686,1.2001,0.9001,0.913842795,RAISE,LOWER,RAISE
105,0.1271,0.0041,5.019252388,-0.123102206,10.01619353,2.349868061,1.6001,1.2001,1.012290318,HOLD,LOWER,HOLD
106,0.1261,0.0041,5.200740719,4.996941138,10.01619353,-8.154610004,1.6001,1.2001,0.501113759,RAISE,LOWER,RAISE
107,0.1251,0.0051,6.175167646,4.815452807,10.01619353,0.208156973,2.0001,1.5001,0.51923325,RAISE,LOWER,RAISE
108,0.1241,0.0061,6.714478008,3.84102588,10.01619353,0.25647298,2.4001,1.8001,0.616518404,RAISE,LOWER,RAISE
109,0.1231,0.0071,7.42963396,3.301715518,10.01619353,0.349618993,2.8001,2.1001,0.670362248,RAISE,LOWER,RAISE
110,0.1221,0.0081,7.909200257,2.586559565,10.01619353,0.450046887,3.2001,2.4001,0.741762221,RAISE,LOWER,RAISE
111,0.1211,0.0091,8.463954975,2.106993269,10.01619353,0.611561424,3.6001,2.7001,0.789641318,RAISE,LOWER,RAISE
112,0.1201,0.0101,8.642358979,1.55223855,10.01619353,0.803415474,4.0001,3.0001,0.845027101,RAISE,LOWER,RAISE
113,0.1191,0.0111,9.57852482,1.373834546,10.01619353,1.113534898,4.4001,3.3001,0.862838658,RAISE,LOWER,RAISE
114,0.1181,0.0121,9.721277557,0.437668705,10.01619353,1.39442189,4.8001,3.6001,0.956303889,RAISE,LOWER,RAISE
115,0.1171,0.0131,0.174970058,0.294915969,10.01619353,4.442299593,5.2001,3.9001,0.970556083,RAISE,LOWER,STOP
116,0.1161,0.0141,0.545895049,9.841223467,10.01619353,0.118657568,0.0001,0.0001,0.017468718,RAISE,LOWER,RAISE
117,0.1151,0.0151,1.014946061,9.470298476,10.01619353,0.011094048,0.4001,0.3001,0.054501248,RAISE,LOWER,RAISE
118,0.1141,0.0161,1.984889919,9.001247465,10.01619353,0.021434299,0.8001,0.6001,0.101330516,RAISE,LOWER,RAISE
119,0.1131,0.0171,2.90130202,8.031303607,10.01619353,0.044102552,1.2001,0.9001,0.198168088,RAISE,LOWER,RAISE
120,0.1121,0.0181,3.57193844,7.114891505,10.01619353,0.07224984,1.6001,1.2001,0.289661139,RAISE,LOWER,RAISE
121,0.1111,0.0191,3.637152288,6.444255086,10.01619353,0.10040739,2.0001,1.5001,0.356616356,RAISE,LOWER,RAISE
122,0.1101,0.0201,3.869815754,6.379041238,10.01619353,0.112880457,2.4001,1.8001,0.363127198,RAISE,LOWER,RAISE
123,0.1091,0.0211,4.338806951,6.146377771,10.01619353,0.121329072,2.8001,2.1001,0.386355929,RAISE,LOWER,RAISE
124,0.1081,0.0221,4.833865764,5.677386575,10.01619353,0.141182567,3.2001,2.4001,0.433179225,RAISE,LOWER,RAISE
125,0.1071,0.0231,5.222779431,5.182327761,10.01619353,0.170284891,3.6001,2.7001,0.482605069,RAISE,LOWER,RAISE
126,0.1061,0.0241,5.624464941,4.793414094,10.01619353,0.201561139,4.0001,3.0001,0.521433558,RAISE,LOWER,RAISE
127,0.1051,0.0251,6.584304524,4.391728584,10.01619353,0.234674695,4.4001,3.3001,0.561537167,RAISE,LOWER,RAISE
128,0.1041,0.0261,7.096617361,3.431889001,10.01619353,0.299850248,4.8001,3.6001,0.657365945,RAISE,LOWER,RAISE
129,0.1031,0.0271,7.104159344,2.919576164,10.01619353,0.413569166,5.2001,3.9001,0.708514402,RAISE,LOWER,RAISE
130,0.1021,0.0281,7.563939669,2.912034181,10.01619353,0.486656894,5.6001,4.2001,0.709267381,RAISE,LOWER,RAISE
131,0.1011,0.0291,8.480681206,2.452253856,10.01619353,0.519495253,6.0001,4.5001,0.755171079,RAISE,LOWER,RAISE
132,0.1001,0.0301,9.15534364,1.535512319,10.01619353,0.691664216,6.4001,4.8001,0.84669702,RAISE,LOWER,RAISE
133,0.0991,0.0311,9.994616408,0.860849885,10.01619353,1.19248065,6.8001,5.1001,0.914054188,RAISE,LOWER,RAISE
134,0.0981,0.0321,8.6127354,0.021577117,10.01619353,2.322034673,7.2001,5.4001,0.997845777,HOLD,LOWER,HOLD
135,0.0971,0.0321,9.098384767,1.403458125,10.01619353,79.83212234,7.2001,5.4001,0.859881089,RAISE,LOWER,RAISE
136,0.0961,0.0331,9.674183524,0.917808759,10.01619353,1.296566617,7.6001,5.7001,0.908367509,RAISE,LOWER,RAISE
137,0.0951,0.0341,9.506573318,0.342010001,10.01619353,2.108104424,8.0001,6.0001,0.965854294,RAISE,LOWER,RAISE
138,0.0941,0.0351,9.536857005,0.509620207,10.01619353,5.559237031,8.4001,6.3001,0.949120371,RAISE,LOWER,RAISE
139,0.0931,0.0361,7.404810528,0.479336521,10.01619353,3.742731105,8.8001,6.6001,0.952143844,RAISE,LOWER,RAISE
140,0.0921,0.0371,7.751403268,2.611382998,10.01619353,3.089608325,9.2001,6.9001,0.739283892,RAISE,LOWER,RAISE
141,0.0911,0.0381,8.26752766,2.264790257,10.01619353,0.593662689,9.6001,7.2001,0.773887131,RAISE,LOWER,RAISE
142,0.0901,0.0391,9.070155969,1.748665866,10.01619353,0.730092125,10.0001,7.5001,0.825416126,RAISE,LOWER,RAISE
143,0.0891,0.0401,9.315513016,0.946037557,10.01619353,1.037380113,10.4001,7.8001,0.905549193,RAISE,LOWER,RAISE
144,0.0881,0.0411,9.613610449,0.700680509,10.01619353,1.969374884,10.8001,8.1001,0.930045231,RAISE,LOWER,RAISE
145,0.0871,0.0421,9.708756589,0.402583076,10.01619353,2.74407817,11.2001,8.4001,0.959806779,RAISE,LOWER,RAISE
146,0.0861,0.0431,7.440952395,0.307436936,10.01619353,4.823231358,11.6001,8.7001,0.969306011,RAISE,LOWER,RAISE
147,0.0851,0.0441,8.302199397,2.57524113,10.01619353,4.840636577,12.0001,9.0001,0.742892235,RAISE,LOWER,RAISE
148,0.0841,0.0451,9.163684754,1.713994129,10.01619353,0.644770643,12.4001,9.3001,0.828877694,RAISE,LOWER,RAISE
149,0.0831,0.0461,2.924901434,0.852508772,10.01619353,1.06927843,12.8001,9.6001,0.914886951,RAISE,LOWER,RAISE
150,0.0821,0.0471,3.694166431,7.091292092,10.01619353,0.686186824,13.2001,9.9001,0.292017264,RAISE,LOWER,RAISE
151,0.0811,0.0481,3.932106789,6.322027094,10.01619353,0.10418881,13.6001,10.2001,0.368819395,RAISE,LOWER,RAISE
152,0.0801,0.0491,3.996422086,6.084086736,10.01619353,0.124393861,14.0001,10.5001,0.392574962,RAISE,LOWER,RAISE
153,0.0791,0.0501,4.512426605,6.019771439,10.01619353,0.131372949,14.4001,10.8001,0.398996093,RAISE,LOWER,RAISE
154,0.0781,0.0511,4.859030494,5.50376692,10.01619353,0.149920197,14.8001,11.1001,0.450513121,RAISE,LOWER,RAISE
155,0.0771,0.0521,5.464078212,5.157163032,10.01619353,0.176571085,15.2001,11.4001,0.485117473,RAISE,LOWER,RAISE
156,0.0761,0.0531,5.817463295,4.552115313,10.01619353,0.211902481,15.6001,11.7001,0.545524425,RAISE,HOLD,RAISE
157,0.0761,0.0541,6.56738471,4.198730231,10.01619353,0.255593846,16.0001,12.0001,0.5808058,RAISE,HOLD,RAISE
158,0.0761,0.0551,6.740606128,3.448808815,10.01619353,0.312827181,16.4001,12.3001,0.655676699,RAISE,HOLD,RAISE
159,0.0761,0.0561,7.48047077,3.275587397,10.01619353,0.39089474,16.8001,12.6001,0.672970836,RAISE,HOLD,RAISE
160,0.0761,0.0571,7.883738448,2.535722755,10.01619353,0.456740722,17.2001,12.9001,0.746837684,RAISE,HOLD,RAISE
161,0.0761,0.0581,8.104484713,2.132455078,10.01619353,0.621813913,17.6001,13.2001,0.787099254,RAISE,HOLD,RAISE
162,0.0761,0.0591,8.995262846,1.911708813,10.01619353,0.760108365,18.0001,13.5001,0.809138191,RAISE,HOLD,RAISE
163,0.0761,0.0601,9.056590945,1.02093068,10.01619353,0.941070396,18.4001,13.8001,0.898071989,RAISE,RAISE,RAISE
164,0.0961,0.0611,9.059289863,0.95960258,10.01619353,1.774183326,18.8001,14.1001,0.904194884,RAISE,RAISE,RAISE
165,0.1161,0.0621,9.124440022,0.956903663,10.01619353,1.888133703,19.2001,14.4001,0.90446434,RAISE,LOWER,RAISE
166,0.1151,0.0631,9.849849204,0.891753503,10.01619353,1.907075995,19.6001,14.7001,0.910968823,RAISE,LOWER,RAISE
167,0.1141,0.0641,1.36561456,0.166344321,10.01619353,2.209096835,20.0001,15.0001,0.983392461,HOLD,LOWER,HOLD
168,0.1131,0.0641,1.673184458,8.650578966,10.01619353,1.641913053,20.0001,15.0001,0.136340672,RAISE,LOWER,RAISE
169,0.1121,0.0651,2.524648786,8.343009068,10.01619353,0.038683757,20.4001,15.3001,0.167047936,RAISE,LOWER,RAISE
170,0.1111,0.0661,2.60713558,7.49154474,10.01619353,0.0605213,20.8001,15.6001,0.25205671,RAISE,LOWER,RAISE
171,0.1101,0.0671,3.400974621,7.409057946,10.01619353,0.069602083,21.2001,15.9001,0.260292053,RAISE,LOWER,RAISE
172,0.1091,0.0681,3.708024879,6.615218905,10.01619353,0.091805858,21.6001,16.2001,0.339547615,RAISE,LOWER,RAISE
173,0.1081,0.0691,4.085043874,6.308168646,10.01619353,0.112105886,22.0001,16.5001,0.370202999,RAISE,LOWER,RAISE
174,0.1071,0.0701,4.78237019,5.931149651,10.01619353,0.129516001,22.4001,16.8001,0.407843944,RAISE,LOWER,RAISE
175,0.1061,0.0711,5.212197439,5.233823335,10.01619353,0.16126284,22.8001,17.1001,0.477463837,RAISE,LOWER,RAISE
176,0.1051,0.0721,5.808905904,4.803996087,10.01619353,0.19917361,23.2001,17.4001,0.52037707,RAISE,HOLD,RAISE
177,0.1051,0.0731,6.690220527,4.207287621,10.01619353,0.241836413,23.6001,17.7001,0.579951445,RAISE,HOLD,RAISE
178,0.1051,0.0741,7.457684959,3.325972998,10.01619353,0.318030101,24.0001,18.0001,0.667940422,RAISE,HOLD,RAISE
179,0.1051,0.0751,8.139666481,2.558508567,10.01619353,0.448451323,24.4001,18.3001,0.744562786,RAISE,HOLD,RAISE
180,0.1051,0.0761,8.60947643,1.876527044,10.01619353,0.636282136,24.8001,18.6001,0.81265068,RAISE,HOLD,RAISE
181,0.1051,0.0771,8.679894277,1.406717096,10.01619353,0.91759684,25.2001,18.9001,0.859555719,RAISE,HOLD,RAISE
182,0.1051,0.0781,9.336330029,1.336299249,10.01619353,1.23406395,25.6001,19.2001,0.866586119,RAISE,HOLD,RAISE
183,0.1051,0.0791,2.780782105,0.679863496,10.01619353,1.397341207,26.0001,19.5001,0.932123566,RAISE,HOLD,RAISE
184,0.1051,0.0801,3.448095519,7.235411421,10.01619353,0.818041304,26.4001,19.8001,0.277628632,RAISE,HOLD,RAISE
185,0.1051,0.0811,4.212942999,6.568098007,10.01619353,0.095311664,26.8001,20.1001,0.344252086,RAISE,HOLD,RAISE
186,0.1051,0.0821,4.519358038,5.803250527,10.01619353,0.128285022,27.2001,20.4001,0.420613179,RAISE,RAISE,RAISE
187,0.1251,0.0831,4.598487498,5.496835487,10.01619353,0.155752643,27.6001,20.7001,0.451205144,RAISE,RAISE,RAISE
188,0.1451,0.0841,5.593687534,5.417706028,10.01619353,0.167313994,28.0001,21.0001,0.459105296,RAISE,LOWER,RAISE
189,0.1441,0.0851,5.732878484,4.422505991,10.01619353,0.206496532,28.4001,21.3001,0.558464403,RAISE,LOWER,RAISE
190,0.1431,0.0861,6.72067422,4.283315042,10.01619353,0.259259275,28.8001,21.6001,0.572360994,RAISE,LOWER,RAISE
191,0.1421,0.0871,6.919958603,3.295519306,10.01619353,0.31380714,29.2001,21.9001,0.670980867,RAISE,LOWER,RAISE
192,0.1411,0.0881,7.795297498,3.096234923,10.01619353,0.419961649,29.6001,22.2001,0.690877087,RAISE,LOWER,RAISE
193,0.1401,0.0891,8.184307182,2.220896027,10.01619353,0.503533982,30.0001,22.5001,0.778269457,RAISE,LOWER,RAISE
194,0.1391,0.0901,8.695911072,1.831886343,10.01619353,0.737027495,30.4001,22.8001,0.817107533,RAISE,LOWER,RAISE
195,0.1381,0.0911,9.604028519,1.320282453,10.01619353,0.94939417,30.8001,23.1001,0.868185209,RAISE,LOWER,RAISE
196,0.1371,0.0921,6.321334892,0.412165007,10.01619353,1.454844529,31.2001,23.4001,0.958850135,RAISE,LOWER,RAISE
197,0.1361,0.0931,6.980727889,3.694858633,10.01619353,3.06738068,31.6001,23.7001,0.631111497,RAISE,HOLD,RAISE
198,0.1361,0.0941,7.022637723,3.035465637,10.01619353,0.377861704,32.0001,24.0001,0.696944191,RAISE,HOLD,RAISE
199,0.1361,0.0951,7.99527092,2.993555803,10.01619353,0.462705796,32.4001,24.3001,0.701128398,RAISE,HOLD,RAISE
200,0.1361,0.0961,8.409380627,2.020922606,10.01619353,0.534165484,32.8001,24.6001,0.798234469,RAISE,HOLD,RAISE
201,0.1361,0.0971,8.522383723,1.606812899,10.01619353,0.832231833,33.2001,24.9001,0.839578489,RAISE,HOLD,RAISE
202,0.1361,0.0981,8.778526571,1.493809802,10.01619353,1.060781094,33.6001,25.2001,0.850860529,RAISE,HOLD,RAISE
203,0.1361,0.0991,8.987372567,1.237666955,10.01619353,1.175320521,34.0001,25.5001,0.876433402,RAISE,HOLD,RAISE
204,0.1361,0.1001,9.75997638,1.028820958,10.01619353,1.452308722,34.4001,25.8001,0.897284237,RAISE,HOLD,RAISE
205,0.1361,0.1011,10.08470659,0.256217145,10.01619353,1.8973129,34.8001,26.1001,0.974419709,RAISE,HOLD,STOP
206,0.1361,0.1021,1.111545105,-0.068513068,10.01619353,7.871999815,0.0001,0.0001,1.00684023,HOLD,STOP,HOLD
207,0.0001,0.1021,1.849957506,8.904648421,10.01619353,-3.244768142,0.0001,0.0001,0.110974803,RAISE,HOLD,RAISE
208,0.0001,0.1031,2.477379804,8.16623602,10.01619353,0.041550377,0.4001,0.3001,0.184696662,RAISE,RAISE,RAISE
209,0.0201,0.1041,2.520677999,7.538813722,10.01619353,0.060673725,0.8001,0.6001,0.247337454,RAISE,RAISE,RAISE
210,0.0401,0.1051,3.47214946,7.495515526,10.01619353,0.066872006,1.2001,0.9001,0.251660273,RAISE,RAISE,RAISE
211,0.0601,0.1061,4.22811352,6.544044066,10.01619353,0.092646048,1.6001,1.2001,0.346653592,RAISE,RAISE,RAISE
212,0.0801,0.1071,5.179253432,5.788080005,10.01619353,0.129220203,2.0001,1.5001,0.422127778,RAISE,RAISE,RAISE
213,0.1001,0.1081,6.004643846,4.836940093,10.01619353,0.178962745,2.4001,1.8001,0.517087995,RAISE,RAISE,RAISE
214,0.1201,0.1091,6.868487236,4.011549679,10.01619353,0.248282746,2.8001,2.1001,0.599493593,RAISE,RAISE,RAISE
215,0.1401,0.1101,7.035445122,3.14770629,10.01619353,0.342435606,3.2001,2.4001,0.685738272,RAISE,RAISE,RAISE
216,0.1601,0.1111,7.984041495,2.980748403,10.01619353,0.447020432,3.6001,2.7001,0.702407068,RAISE,RAISE,RAISE
217,0.1801,0.1121,8.703085015,2.03215203,10.01619353,0.535707173,4.0001,3.0001,0.797113342,RAISE,HOLD,RAISE
218,0.1801,0.1131,9.543849543,1.313108511,10.01619353,0.856538771,4.4001,3.3001,0.868901444,RAISE,LOWER,RAISE
219,0.1791,0.1141,3.468834278,0.472343983,10.01619353,1.453626941,4.8001,3.6001,0.952841967,RAISE,LOWER,RAISE
220,0.1781,0.1151,3.486218929,6.547359247,10.01619353,1.468774623,5.2001,3.9001,0.346322609,RAISE,LOWER,RAISE
221,0.1771,0.1161,3.813501026,6.529974597,10.01619353,0.106492367,5.6001,4.2001,0.348058264,RAISE,LOWER,RAISE
222,0.1761,0.1171,4.579655026,6.2026925,10.01619353,0.116799873,6.0001,4.5001,0.380733561,RAISE,LOWER,RAISE
223,0.1751,0.1181,5.011470765,5.436538499,10.01619353,0.147666679,6.4001,4.8001,0.457225094,RAISE,LOWER,RAISE
224,0.1741,0.1191,5.012293943,5.00472276,10.01619353,0.18436256,6.8001,5.1001,0.500336855,RAISE,HOLD,RAISE
225,0.1741,0.1201,5.759460631,5.003899582,10.01619353,0.200302562,7.2001,5.4001,0.500419039,RAISE,HOLD,RAISE
226,0.1741,0.1211,6.373085163,4.256732894,10.01619353,0.230198889,7.6001,5.7001,0.575014911,RAISE,HOLD,RAISE
227,0.1741,0.1221,6.711099469,3.643108362,10.01619353,0.299435521,8.0001,6.0001,0.636278158,RAISE,HOLD,RAISE
228,0.1741,0.1231,7.568303964,3.305094056,10.01619353,0.368427112,8.4001,6.3001,0.67002494,RAISE,HOLD,RAISE
229,0.1741,0.1241,8.134951999,2.447889562,10.01619353,0.457978129,8.8001,6.6001,0.755606803,RAISE,HOLD,RAISE
230,0.1741,0.1251,8.878660935,1.881241527,10.01619353,0.664650246,9.2001,6.9001,0.812179994,RAISE,HOLD,RAISE
231,0.1741,0.1261,9.143882527,1.13753259,10.01619353,0.943915049,9.6001,7.2001,0.88643065,RAISE,HOLD,RAISE
232,0.1741,0.1271,9.658081057,0.872310999,10.01619353,1.607669548,10.0001,7.5001,0.91290993,RAISE,HOLD,RAISE
233,0.1741,0.1281,9.739620322,0.358112468,10.01619353,2.214366452,10.4001,7.8001,0.96424665,RAISE,HOLD,RAISE
234,0.1741,0.1291,0.721867416,0.276573204,10.01619353,5.439419836,10.8001,8.1001,0.972387394,RAISE,HOLD,STOP
235,0.1741,0.1301,1.264929973,9.29432611,10.01619353,0.52200821,0.0001,0.0001,0.072070035,RAISE,HOLD,RAISE
236,0.1741,0.1311,1.453421217,8.751263553,10.01619353,0.027219402,0.4001,0.3001,0.126288492,RAISE,HOLD,RAISE
237,0.1741,0.1321,2.195062498,8.562772309,10.01619353,0.03321626,0.8001,0.6001,0.145107142,RAISE,HOLD,RAISE
238,0.1741,0.1331,2.594755154,7.821131028,10.01619353,0.051269902,1.2001,0.9001,0.219151366,RAISE,HOLD,RAISE
239,0.1741,0.1341,3.173485603,7.421438372,10.01619353,0.066352428,1.6001,1.2001,0.259056012,RAISE,HOLD,RAISE
240,0.1741,0.1351,3.655740909,6.842707923,10.01619353,0.085522117,2.0001,1.5001,0.316835492,RAISE,RAISE,RAISE
241,0.1941,0.1361,4.120287869,6.360452617,10.01619353,0.106850707,2.4001,1.8001,0.364983055,RAISE,RAISE,RAISE
242,0.2141,0.1371,4.765787869,5.895905657,10.01619353,0.129559581,2.8001,2.1001,0.411362646,RAISE,HOLD,RAISE
243,0.2141,0.1381,5.607908302,5.250405656,10.01619353,0.161664319,3.2001,2.4001,0.475808286,RAISE,LOWER,RAISE
244,0.2131,0.1391,5.625378222,4.408285224,10.01619353,0.213618096,3.6001,2.7001,0.55988418,RAISE,LOWER,RAISE
245,0.2121,0.1401,6.036756743,4.390815304,10.01619353,0.255218432,4.0001,3.0001,0.561628348,RAISE,LOWER,RAISE
246,0.2111,0.1411,6.361525437,3.979436782,10.01619353,0.274972019,4.4001,3.3001,0.602699691,RAISE,LOWER,RAISE
247,0.2101,0.1421,7.338733845,3.654668088,10.01619353,0.319719889,4.8001,3.6001,0.635124054,RAISE,HOLD,RAISE
248,0.2101,0.1431,7.84939354,2.67745968,10.01619353,0.401608774,5.2001,3.9001,0.732686906,RAISE,HOLD,RAISE
249,0.2101,0.1441,8.584027972,2.166799986,10.01619353,0.586331409,5.6001,4.2001,0.783670315,RAISE,HOLD,RAISE
250,0.2101,0.1451,9.059369657,1.432165553,10.01619353,0.79232306,6.0001,4.5001,0.857014988,RAISE,HOLD,RAISE
251,0.2101,0.1461,9.517042701,0.956823869,10.01619353,1.26512883,6.4001,4.8001,0.904472306,RAISE,HOLD,RAISE
252,0.2101,0.1471,6.544359757,0.499150824,10.01619353,1.989298765,6.8001,5.1001,0.950165617,RAISE,HOLD,RAISE
253,0.2101,0.1481,6.646694439,3.471833768,10.01619353,2.622197315,7.2001,5.4001,0.653377927,RAISE,HOLD,RAISE
254,0.2101,0.1491,7.624160235,3.369499086,10.01619353,0.382892436,7.6001,5.7001,0.66359485,RAISE,HOLD,RAISE
255,0.2101,0.1501,7.991244621,2.39203329,10.01619353,0.452539683,8.0001,6.0001,0.761183399,RAISE,HOLD,RAISE
256,0.2101,0.1511,7.996415921,2.024948904,10.01619353,0.668154967,8.4001,6.3001,0.79783249,RAISE,HOLD,RAISE
257,0.2101,0.1521,8.732467556,2.019777605,10.01619353,0.789789402,8.8001,6.6001,0.798348784,RAISE,HOLD,RAISE
258,0.2101,0.1531,8.919168045,1.28372597,10.01619353,0.864695948,9.2001,6.9001,0.871834947,RAISE,HOLD,RAISE
259,0.2101,0.1541,9.392197205,1.09702548,10.01619353,1.389575074,9.6001,7.2001,0.890474812,RAISE,HOLD,RAISE
260,0.2101,0.1551,7.546009971,0.623996321,10.01619353,1.712302471,10.0001,7.5001,0.937701252,RAISE,HOLD,RAISE
261,0.2101,0.1561,8.076657065,2.470183554,10.01619353,2.418607199,10.4001,7.8001,0.753381008,RAISE,HOLD,RAISE
262,0.2101,0.1571,9.074708213,1.93953646,10.01619353,0.653931733,10.8001,8.1001,0.806359926,RAISE,HOLD,RAISE
263,0.2101,0.1581,9.375593132,0.941485313,10.01619353,0.935760518,11.2001,8.4001,0.906003682,RAISE,HOLD,RAISE
264,0.2101,0.1591,2.654260294,0.640600393,10.01619353,1.991659987,11.6001,8.7001,0.936043529,RAISE,HOLD,RAISE
265,0.2101,0.1601,2.720956446,7.361933232,10.01619353,0.828678946,12.0001,9.0001,0.264996906,RAISE,HOLD,RAISE
266,0.2101,0.1611,3.592825984,7.295237079,10.01619353,0.073919618,12.4001,9.3001,0.271655738,RAISE,HOLD,RAISE
267,0.2101,0.1621,4.05213937,6.423367541,10.01619353,0.098497854,12.8001,9.6001,0.358701734,RAISE,HOLD,RAISE
268,0.2101,0.1631,4.841919404,5.964054156,10.01619353,0.126168691,13.2001,9.9001,0.404558814,RAISE,RAISE,RAISE
269,0.2301,0.1641,5.115381792,5.174274122,10.01619353,0.162370068,13.6001,10.2001,0.483409131,RAISE,RAISE,RAISE
270,0.2501,0.1651,5.6401205,4.900811733,10.01619353,0.197723649,14.0001,10.5001,0.510711158,RAISE,HOLD,RAISE
271,0.2501,0.1661,5.854271897,4.376073025,10.01619353,0.23017087,14.4001,10.8001,0.563100192,RAISE,LOWER,RAISE
272,0.2491,0.1671,6.493480393,4.161921629,10.01619353,0.267558236,14.8001,11.1001,0.584480709,RAISE,LOWER,RAISE
273,0.2481,0.1681,7.096183598,3.522713132,10.01619353,0.312042416,15.2001,11.4001,0.648298216,RAISE,HOLD,RAISE
274,0.2481,0.1691,7.930499287,2.920009927,10.01619353,0.402881718,15.6001,11.7001,0.708471095,RAISE,HOLD,RAISE
275,0.2481,0.1701,8.670516812,2.085694238,10.01619353,0.543183036,16.0001,12.0001,0.791767778,RAISE,HOLD,RAISE
276,0.2481,0.1711,9.456013265,1.345676714,10.01619353,0.831427412,16.4001,12.3001,0.865649889,RAISE,HOLD,RAISE
277,0.2481,0.1721,10.41640565,0.56018026,10.01619353,1.405391528,16.8001,12.6001,0.94407254,RAISE,HOLD,RAISE
278,0.2481,0.1731,8.554010385,-0.40021212,10.01619353,3.71894777,17.2001,12.9001,1.039956508,STOP,HOLD,RAISE
279,0.2481,0.0001,8.955362504,1.46218314,10.01619353,-4.274738296,17.6001,13.2001,0.854018082,RAISE,HOLD,RAISE
280,0.2481,0.0011,9.225350695,1.060831021,10.01619353,1.224930347,18.0001,13.5001,0.894088406,RAISE,LOWER,RAISE
281,0.2471,0.0021,9.980610478,0.790842831,10.01619353,1.73926865,18.4001,13.8001,0.921043575,RAISE,LOWER,RAISE
282,0.2461,0.0031,8.917369268,0.035583048,10.01619353,2.524043992,18.8001,14.1001,0.996447448,HOLD,LOWER,HOLD
283,0.2451,0.0031,9.309588916,1.098824257,10.01619353,50.12144717,18.8001,14.1001,0.890295225,RAISE,LOWER,RAISE
284,0.2441,0.0041,9.741459508,0.70660461,10.01619353,1.694463669,19.2001,14.4001,0.929453778,RAISE,LOWER,RAISE
285,0.2431,0.0051,0.910427394,0.274734017,10.01619353,2.757258974,19.6001,14.7001,0.972571015,RAISE,LOWER,STOP
286,0.2421,0.0061,1.828080752,9.105766131,10.01619353,0.662770052,0.0001,0.0001,0.090895547,RAISE,LOWER,RAISE
287,0.2411,0.0071,2.100147631,8.188112773,10.01619353,0.040152157,0.4001,0.3001,0.182512523,RAISE,LOWER,RAISE
288,0.2401,0.0081,2.816931498,7.916045895,10.01619353,0.051297477,0.8001,0.6001,0.209675225,RAISE,LOWER,RAISE
289,0.2391,0.0091,3.389769488,7.199262028,10.01619353,0.071170166,1.2001,0.9001,0.281237727,RAISE,LOWER,RAISE
290,0.2381,0.0101,4.220974716,6.626424038,10.01619353,0.094169916,1.6001,1.2001,0.338428913,RAISE,LOWER,RAISE
291,0.2371,0.0111,4.735749626,5.79521881,10.01619353,0.127398268,2.0001,1.5001,0.421415052,RAISE,LOWER,RAISE
292,0.2361,0.0121,5.57829234,5.2804439,10.01619353,0.163436439,2.4001,1.8001,0.472809318,RAISE,LOWER,RAISE
293,0.2351,0.0131,6.498414123,4.437901186,10.01619353,0.211281189,2.8001,2.1001,0.556927372,RAISE,LOWER,RAISE
294,0.2341,0.0141,7.345469326,3.517779402,10.01619353,0.292859793,3.2001,2.4001,0.648790791,RAISE,LOWER,RAISE
295,0.2331,0.0151,7.772301779,2.670724199,10.01619353,0.417619668,3.6001,2.7001,0.733359365,RAISE,LOWER,RAISE
296,0.2321,0.0161,8.33231604,2.243891746,10.01619353,0.582037021,4.0001,3.0001,0.775973603,RAISE,LOWER,RAISE
297,0.2311,0.0171,8.785358007,1.683877485,10.01619353,0.74266649,4.4001,3.3001,0.83188449,RAISE,LOWER,RAISE
298,0.2301,0.0181,9.283413986,1.230835519,10.01619353,1.043467602,4.8001,3.6001,0.877115442,RAISE,LOWER,RAISE
299,0.2291,0.0191,10.08204832,0.73277954,10.01619353,1.508473528,5.2001,3.9001,0.926840517,RAISE,LOWER,RAISE
300,0.2281,0.0201,9.801930165,-0.065854797,10.01619353,2.751727573,5.6001,4.2001,1.006574833,HOLD,LOWER,HOLD
301,0.2271,0.0201,9.958357742,0.21426336,10.01619353,-29.76831034,5.6001,4.2001,0.978608305,RAISE,LOWER,LOWER
302,0.2261,0.0211,7.043603013,0.057835783,10.01619353,9.295436912,5.5991,4.1991,0.994225772,HOLD,LOWER,HOLD
303,0.2251,0.0211,7.39716756,2.972590513,10.01619353,24.3572495,5.5991,4.1991,0.703221538,RAISE,LOWER,RAISE
304,0.2241,0.0221,7.871813172,2.619025966,10.01619353,0.497691662,5.9991,4.4991,0.73852083,RAISE,LOWER,RAISE
305,0.2231,0.0231,8.772775735,2.144380354,10.01619353,0.601125248,6.3991,4.7991,0.785908654,RAISE,LOWER,RAISE
306,0.2221,0.0241,9.32553103,1.24341779,10.01619353,0.818210792,6.7991,5.0991,0.875859249,RAISE,LOWER,RAISE
307,0.2211,0.0251,9.769185486,0.690662495,10.01619353,1.49998353,7.1991,5.3991,0.931045412,RAISE,LOWER,RAISE
308,0.2201,0.0261,10.36946922,0.24700804,10.01619353,2.828931803,7.5991,5.6991,0.975339131,RAISE,LOWER,STOP
309,0.2191,0.0271,2.815744668,-0.35327569,10.01619353,8.396058059,0.0001,0.0001,1.035270454,STOP,LOWER,RAISE
310,0.2181,0.0001,3.644598416,7.200448858,10.01619353,-1.594077798,0.4001,0.3001,0.281119236,RAISE,LOWER,RAISE
311,0.2171,0.0011,3.907981356,6.37159511,10.01619353,0.101232534,0.8001,0.6001,0.363870607,RAISE,LOWER,RAISE
312,0.2161,0.0021,4.048291086,6.108212169,10.01619353,0.122668854,1.2001,0.9001,0.390166319,RAISE,LOWER,RAISE
313,0.2151,0.0031,4.560815255,5.967902439,10.01619353,0.132552406,1.6001,1.2001,0.404174607,RAISE,LOWER,RAISE
314,0.2141,0.0041,5.416590942,5.45537827,10.01619353,0.152844833,2.0001,1.5001,0.455344163,RAISE,LOWER,RAISE
315,0.2131,0.0051,5.564290424,4.599602583,10.01619353,0.198578015,2.4001,1.8001,0.540783375,RAISE,LOWER,RAISE
316,0.2121,0.0061,5.961108739,4.451903101,10.01619353,0.241946574,2.8001,2.1001,0.555529444,RAISE,LOWER,RAISE
317,0.2111,0.0071,6.437472296,4.055084786,10.01619353,0.267800471,3.2001,2.4001,0.595147121,RAISE,LOWER,RAISE
318,0.2101,0.0081,6.581763522,3.578721229,10.01619353,0.317501243,3.6001,2.7001,0.642706461,RAISE,LOWER,RAISE
319,0.2091,0.0091,7.283006079,3.434430004,10.01619353,0.367827674,4.0001,3.0001,0.657112256,RAISE,LOWER,RAISE
320,0.2081,0.0101,7.338353521,2.733187447,10.01619353,0.42411731,4.4001,3.3001,0.727123139,RAISE,LOWER,RAISE
321,0.2071,0.0111,7.476330168,2.677840004,10.01619353,0.536981357,4.8001,3.6001,0.732648935,RAISE,LOWER,RAISE
322,0.2061,0.0121,8.332064444,2.539863357,10.01619353,0.558385128,5.2001,3.9001,0.746424293,RAISE,LOWER,RAISE
323,0.2051,0.0131,8.81755889,1.684129081,10.01619353,0.656103362,5.6001,4.2001,0.831859371,RAISE,LOWER,RAISE
324,0.2041,0.0141,9.303197406,1.198634636,10.01619353,1.047135756,6.0001,4.5001,0.880330324,RAISE,LOWER,RAISE
325,0.2031,0.0151,4.217733651,0.712996119,10.01619353,1.552299113,6.4001,4.8001,0.928815661,RAISE,LOWER,RAISE
326,0.2021,0.0161,4.827442691,5.798459874,10.01619353,1.183101433,6.8001,5.1001,0.42109147,RAISE,LOWER,RAISE
327,0.2011,0.0171,5.729712793,5.188750835,10.01619353,0.166507755,7.2001,5.4001,0.4819638,RAISE,LOWER,RAISE
328,0.2001,0.0181,6.703218875,4.286480733,10.01619353,0.220851337,7.6001,5.7001,0.572044937,RAISE,LOWER,RAISE
329,0.1991,0.0191,6.900107719,3.31297465,10.01619353,0.312760947,8.0001,6.0001,0.669238155,RAISE,LOWER,RAISE
330,0.1981,0.0201,7.125430875,3.116085806,10.01619353,0.41655059,8.4001,6.3001,0.688895208,RAISE,LOWER,RAISE
331,0.1971,0.0211,7.228182837,2.890762651,10.01619353,0.457332135,8.8001,6.6001,0.711391094,RAISE,LOWER,RAISE
332,0.1961,0.0221,7.612435598,2.788010688,10.01619353,0.500088296,9.2001,6.9001,0.721649678,RAISE,LOWER,RAISE
333,0.1951,0.0231,8.204394087,2.403757927,10.01619353,0.546083674,9.6001,7.2001,0.760012831,RAISE,LOWER,RAISE
334,0.1941,0.0241,9.083710388,1.811799439,10.01619353,0.682630642,10.0001,7.5001,0.819112976,RAISE,LOWER,RAISE
335,0.1931,0.0251,9.976860822,0.932483138,10.01619353,1.002728027,10.4001,7.8001,0.906902444,RAISE,LOWER,RAISE
336,0.1921,0.0261,0.057427664,0.039332704,10.01619353,2.139847986,10.8001,8.1001,0.996073089,HOLD,LOWER,HOLD
337,0.1911,0.0261,0.080106075,9.958765862,10.01619353,0.292009744,10.8001,8.1001,0.005733482,RAISE,LOWER,RAISE
338,0.1901,0.0271,0.579724955,9.93608745,10.01619353,0.001608755,11.2001,8.4001,0.007997657,RAISE,LOWER,RAISE
339,0.1891,0.0281,1.138973294,9.43646857,10.01619353,0.011669079,11.6001,8.7001,0.057878769,RAISE,LOWER,RAISE
340,0.1881,0.0291,2.013245815,8.877220231,10.01619353,0.024139821,12.0001,9.0001,0.113713188,RAISE,LOWER,RAISE
341,0.1871,0.0301,2.325547731,8.00294771,10.01619353,0.045357573,12.4001,9.3001,0.200999093,RAISE,LOWER,RAISE
342,0.1861,0.0311,2.658106842,7.690645794,10.01619353,0.058117279,12.8001,9.6001,0.232178794,RAISE,LOWER,RAISE
343,0.1851,0.0321,3.017709957,7.358086683,10.01619353,0.069125712,13.2001,9.9001,0.265380939,RAISE,LOWER,RAISE
344,0.1841,0.0331,3.03978403,6.998483568,10.01619353,0.082024311,13.6001,10.2001,0.301283112,RAISE,LOWER,RAISE
345,0.1831,0.0341,3.617988458,6.976409495,10.01619353,0.086869791,14.0001,10.5001,0.303486951,RAISE,LOWER,RAISE
346,0.1821,0.0351,4.137920234,6.398205068,10.01619353,0.103720645,14.4001,10.8001,0.361213913,RAISE,LOWER,RAISE
347,0.1811,0.0361,4.518478743,5.878273292,10.01619353,0.129346284,14.8001,11.1001,0.413123032,RAISE,LOWER,RAISE
348,0.1801,0.0371,5.154297526,5.497714782,10.01619353,0.153734899,15.2001,11.4001,0.451117356,RAISE,LOWER,RAISE
349,0.1791,0.0381,5.297679355,4.861895999,10.01619353,0.187506909,15.6001,11.7001,0.51459644,RAISE,LOWER,RAISE
350,0.1781,0.0391,5.979241569,4.71851417,10.01619353,0.217926478,16.0001,12.0001,0.528911441,RAISE,LOWER,RAISE
351,0.1771,0.0401,6.143246245,4.036951956,10.01619353,0.253437474,16.4001,12.3001,0.596957472,RAISE,LOWER,RAISE
352,0.1761,0.0411,6.152593618,3.87294728,10.01619353,0.304350724,16.8001,12.6001,0.613331425,RAISE,LOWER,RAISE
353,0.1751,0.0421,6.799658079,3.863599908,10.01619353,0.317721527,17.2001,12.9001,0.614264651,RAISE,LOWER,RAISE
354,0.1741,0.0431,7.684337699,3.216535447,10.01619353,0.351985622,17.6001,13.2001,0.678866484,RAISE,LOWER,RAISE
355,0.1731,0.0441,7.720969304,2.331855827,10.01619353,0.477802146,18.0001,13.5001,0.767191416,RAISE,LOWER,RAISE
356,0.1721,0.0451,8.272394856,2.295224221,10.01619353,0.662216696,18.4001,13.8001,0.770848655,RAISE,LOWER,RAISE
357,0.1711,0.0461,8.899049139,1.74379867,10.01619353,0.720835444,18.8001,14.1001,0.825902059,RAISE,LOWER,RAISE
358,0.1701,0.0471,9.824728106,1.117144386,10.01619353,1.020650984,19.2001,14.4001,0.888466174,RAISE,LOWER,RAISE
359,0.1691,0.0481,1.608834765,0.191465419,10.01619353,1.758900323,19.6001,14.7001,0.980884413,HOLD,LOWER,HOLD
360,0.1681,0.0481,1.624939251,8.407358761,10.01619353,1.680548657,19.6001,14.7001,0.160623371,RAISE,LOWER,RAISE
361,0.1671,0.0491,2.134582502,8.391254275,10.01619353,0.038655166,20.0001,15.0001,0.162231216,RAISE,LOWER,RAISE
362,0.1661,0.0501,2.483687296,7.881611024,10.01619353,0.050876363,20.4001,15.3001,0.213113145,RAISE,LOWER,RAISE
363,0.1651,0.0511,2.551667279,7.53250623,10.01619353,0.063024864,20.8001,15.6001,0.247967183,RAISE,LOWER,RAISE
364,0.1641,0.0521,2.810371408,7.464526246,10.01619353,0.067750818,21.2001,15.9001,0.254754191,RAISE,LOWER,RAISE
365,0.1631,0.0531,3.360706388,7.205822118,10.01619353,0.075299391,21.6001,16.2001,0.280582778,RAISE,LOWER,RAISE
366,0.1621,0.0541,3.54790024,6.655487138,10.01619353,0.093277528,22.0001,16.5001,0.335527302,RAISE,LOWER,RAISE
367,0.1611,0.0551,4.530866919,6.468293286,10.01619353,0.106615794,22.4001,16.8001,0.354216423,RAISE,LOWER,RAISE
368,0.1601,0.0561,4.837475748,5.485326606,10.01619353,0.140094665,22.8001,17.1001,0.452354171,RAISE,LOWER,RAISE
369,0.1591,0.0571,5.278609009,5.178717778,10.01619353,0.176378768,23.2001,17.4001,0.482965483,RAISE,LOWER,RAISE
370,0.1581,0.0581,5.817862993,4.737584516,10.01619353,0.203857759,23.6001,17.7001,0.52700749,RAISE,LOWER,RAISE
371,0.1571,0.0591,6.482417402,4.198330533,10.01619353,0.24560461,24.0001,18.0001,0.580845705,RAISE,LOWER,RAISE
372,0.1561,0.0601,6.797671571,3.533776123,10.01619353,0.308809292,24.4001,18.3001,0.647193705,RAISE,LOWER,RAISE
373,0.1551,0.0611,7.64095078,3.218521955,10.01619353,0.384725649,24.8001,18.6001,0.678668154,RAISE,LOWER,RAISE
374,0.1541,0.0621,8.532681841,2.375242746,10.01619353,0.474811164,25.2001,18.9001,0.762859739,RAISE,LOWER,RAISE
375,0.1531,0.0631,9.009534982,1.483511685,10.01619353,0.718468195,25.6001,19.2001,0.851888676,RAISE,LOWER,RAISE
376,0.1521,0.0641,9.733306037,1.006658544,10.01619353,1.214622719,26.0001,19.5001,0.899496896,RAISE,LOWER,RAISE
377,0.1511,0.0651,9.90518061,0.282887488,10.01619353,1.933785016,26.4001,19.8001,0.971756987,RAISE,LOWER,STOP
378,0.1501,0.0661,8.620656281,0.111012915,10.01619353,7.00291177,0.0001,0.0001,0.988916656,HOLD,LOWER,HOLD
379,0.1491,0.0661,8.90282387,1.395537244,10.01619353,15.53090692,0.0001,0.0001,0.860671897,RAISE,LOWER,RAISE
380,0.1481,0.0671,9.441604068,1.113369656,10.01619353,1.275899143,0.4001,0.3001,0.888843037,RAISE,LOWER,RAISE
381,0.1471,0.0681,10.18196575,0.574589457,10.01619353,1.696041206,0.8001,0.6001,0.94263395,RAISE,LOWER,RAISE
382,0.1461,0.0691,2.704205176,-0.165772227,10.01619353,3.544083736,1.2001,0.9001,1.016550422,HOLD,LOWER,HOLD
383,0.1451,0.0691,3.210764554,7.31198835,10.01619353,-3.262555166,1.2001,0.9001,0.269983319,RAISE,LOWER,RAISE
384,0.1441,0.0701,3.24294728,6.805428972,10.01619353,0.087821928,1.6001,1.2001,0.32055736,RAISE,LOWER,RAISE
385,0.1431,0.0711,3.668488468,6.773246245,10.01619353,0.095304713,2.0001,1.5001,0.32377043,RAISE,LOWER,RAISE
386,0.1421,0.0721,4.223051955,6.347705058,10.01619353,0.108322903,2.4001,1.8001,0.36625575,RAISE,LOWER,RAISE
387,0.1411,0.0731,4.717493844,5.79314157,10.01619353,0.133057599,2.8001,2.1001,0.42162244,RAISE,LOWER,RAISE
388,0.1401,0.0741,4.811254013,5.298699681,10.01619353,0.162864787,3.2001,2.4001,0.470986691,RAISE,LOWER,RAISE
389,0.1391,0.0751,5.059501008,5.204939513,10.01619353,0.18160131,3.6001,2.7001,0.480347549,RAISE,LOWER,RAISE
390,0.1381,0.0761,5.522342292,4.956692518,10.01619353,0.19441152,4.0001,3.0001,0.505132114,RAISE,LOWER,RAISE
391,0.1371,0.0771,6.006376128,4.493851234,10.01619353,0.222823678,4.4001,3.3001,0.551341413,RAISE,LOWER,RAISE
392,0.1361,0.0781,6.208782423,4.009817398,10.01619353,0.267315308,4.8001,3.6001,0.599666541,RAISE,LOWER,RAISE
393,0.1351,0.0791,7.144954773,3.807411103,10.01619353,0.309679061,5.2001,3.9001,0.619874447,RAISE,LOWER,RAISE
394,0.1341,0.0801,7.162857403,2.871238753,10.01619353,0.375318272,5.6001,4.2001,0.713340328,RAISE,LOWER,RAISE
395,0.1331,0.0811,7.651802069,2.853336123,10.01619353,0.498938474,6.0001,4.5001,0.715127696,RAISE,LOWER,RAISE
396,0.1321,0.0821,7.791540521,2.364391456,10.01619353,0.536340742,6.4001,4.8001,0.763943114,RAISE,LOWER,RAISE
397,0.1311,0.0831,8.685619663,2.224653004,10.01619353,0.659073649,6.8001,5.1001,0.777894367,RAISE,LOWER,RAISE
398,0.1301,0.0841,9.35499767,1.330573862,10.01619353,0.780851634,7.2001,5.4001,0.867157732,RAISE,LOWER,RAISE
399,0.1291,0.0851,1.45115711,0.661195856,10.01619353,1.406159843,7.6001,5.7001,0.933987312,RAISE,LOWER,RAISE
400,0.1281,0.0861,1.744469312,8.565036416,10.01619353,0.438949245,8.0001,6.0001,0.144881097,RAISE,LOWER,RAISE
401,0.1271,0.0871,2.500068631,8.271724214,10.01619353,0.040734662,8.4001,6.3001,0.174164897,RAISE,HOLD,RAISE
402,0.1271,0.0881,3.189768465,7.516124894,10.01619353,0.060448549,8.8001,6.6001,0.249602668,RAISE,HOLD,RAISE
403,0.1271,0.0891,3.773208258,6.826425061,10.01619353,0.084878006,9.2001,6.9001,0.318461146,RAISE,HOLD,RAISE
404,0.1271,0.0901,4.554127966,6.242985267,10.01619353,0.110547123,9.6001,7.2001,0.376710798,RAISE,HOLD,RAISE
405,0.1271,0.0911,5.438913302,5.46206556,10.01619353,0.145895842,10.0001,7.5001,0.454676515,RAISE,HOLD,RAISE
406,0.1271,0.0921,5.452063169,4.577280223,10.01619353,0.199152253,10.4001,7.8001,0.543012002,RAISE,HOLD,RAISE
407,0.1271,0.0931,6.059877447,4.564130356,10.01619353,0.238222827,10.8001,8.1001,0.544324863,RAISE,HOLD,RAISE
408,0.1271,0.0941,6.587218031,3.956316078,10.01619353,0.265543575,11.2001,8.4001,0.605008023,RAISE,HOLD,RAISE
409,0.1271,0.0951,7.434031147,3.428975494,10.01619353,0.332997561,11.6001,8.7001,0.657656825,RAISE,HOLD,RAISE
410,0.1271,0.0961,7.439292576,2.582162379,10.01619353,0.433600716,12.0001,9.0001,0.742201229,RAISE,HOLD,RAISE
411,0.1271,0.0971,7.493456658,2.57690095,10.01619353,0.57620641,12.4001,9.3001,0.742726521,RAISE,HOLD,RAISE
412,0.1271,0.0981,8.052304059,2.522736867,10.01619353,0.581586705,12.8001,9.6001,0.748134173,RAISE,HOLD,RAISE
413,0.1271,0.0991,8.813014891,1.963889466,10.01619353,0.638378434,13.2001,9.9001,0.803928562,RAISE,RAISE,RAISE
414,0.1471,0.1001,9.528052548,1.203178634,10.01619353,0.897506203,13.6001,10.2001,0.879876659,RAISE,RAISE,RAISE
415,0.1671,0.1011,9.757234133,0.488140977,10.01619353,1.583813455,14.0001,10.5001,0.951264822,RAISE,HOLD,RAISE
416,0.1671,0.1021,6.809730122,0.258959393,10.01619353,3.997711556,14.4001,10.8001,0.974145928,RAISE,LOWER,STOP
417,0.1661,0.1031,7.242513206,3.206463404,10.01619353,5.259303432,0.0001,0.0001,0.67987206,RAISE,LOWER,RAISE
418,0.1651,0.1041,7.832659727,2.77368032,10.01619353,0.451744635,0.4001,0.3001,0.723080398,RAISE,LOWER,RAISE
419,0.1641,0.1051,8.60476879,2.183533798,10.01619353,0.564784606,0.8001,0.6001,0.78199964,RAISE,LOWER,RAISE
420,0.1631,0.1061,9.095430604,1.411424735,10.01619353,0.78815073,1.2001,0.9001,0.859085716,RAISE,LOWER,RAISE
421,0.1621,0.1071,3.593709106,0.920762922,10.01619353,1.288829702,1.6001,1.2001,0.908072571,RAISE,LOWER,RAISE
422,0.1611,0.1081,4.293273967,6.42248442,10.01619353,0.780593793,2.0001,1.5001,0.358789903,RAISE,LOWER,RAISE
423,0.1601,0.1091,4.720104602,5.722919559,10.01619353,0.133695115,2.4001,1.8001,0.428633288,RAISE,HOLD,RAISE
424,0.1601,0.1101,5.462738961,5.296088924,10.01619353,0.164954428,2.8001,2.1001,0.471247345,RAISE,HOLD,RAISE
425,0.1601,0.1111,5.467201696,4.553454565,10.01619353,0.206293325,3.2001,2.4001,0.545390716,RAISE,HOLD,RAISE
426,0.1601,0.1121,5.982740965,4.54899183,10.01619353,0.240134237,3.6001,2.7001,0.545836268,RAISE,HOLD,RAISE
427,0.1601,0.1131,6.682807087,4.033452561,10.01619353,0.263035907,4.0001,3.0001,0.597306846,RAISE,HOLD,RAISE
428,0.1601,0.1141,7.220568441,3.333386439,10.01619353,0.331369068,4.4001,3.3001,0.667200276,RAISE,HOLD,RAISE
429,0.1601,0.1151,7.64220767,2.795625085,10.01619353,0.433227204,4.8001,3.6001,0.72088947,RAISE,HOLD,RAISE
430,0.1601,0.1161,7.719298204,2.373985855,10.01619353,0.54672622,5.2001,3.9001,0.762985225,RAISE,HOLD,RAISE
431,0.1601,0.1171,8.71301121,2.296895321,10.01619353,0.650323858,5.6001,4.2001,0.770681815,RAISE,HOLD,RAISE
432,0.1601,0.1181,9.327718183,1.303182315,10.01619353,0.758677257,6.0001,4.5001,0.869892458,RAISE,HOLD,RAISE
433,0.1601,0.1191,9.904589169,0.688475343,10.01619353,1.431529276,6.4001,4.8001,0.931263774,RAISE,HOLD,RAISE
434,0.1601,0.1201,8.466801146,0.111604356,10.01619353,2.877253129,6.8001,5.1001,0.988857608,HOLD,STOP,HOLD
435,0.0001,0.1201,8.478555421,1.549392379,10.01619353,15.17288651,6.8001,5.1001,0.845311258,RAISE,HOLD,RAISE
436,0.0001,0.1211,9.254870839,1.537638105,10.01619353,1.094436185,7.2001,5.4001,0.846484785,RAISE,RAISE,RAISE
437,0.0201,0.1221,9.843183462,0.761322687,10.01619353,1.203777509,7.6001,5.7001,0.923990817,RAISE,RAISE,RAISE
438,0.0401,0.1231,10.71220547,0.173010064,10.01619353,2.585811151,8.0001,6.0001,0.982726965,HOLD,RAISE,HOLD
439,0.0601,0.1231,10.4808095,-0.696011949,10.01619353,12.3833322,8.0001,6.0001,1.069488668,STOP,RAISE,RAISE
440,0.0801,0.0001,4.080815225,-0.464615977,10.01619353,-3.011675164,8.4001,6.3001,1.046386482,LOWER,RAISE,RAISE
441,0.1001,-0.0009,4.999957507,5.9353783,10.01619353,-1.756640075,8.8001,6.6001,0.407421763,RAISE,LOWER,RAISE
442,0.0991,0.0001,5.238188012,5.016236018,10.01619353,0.168479826,9.2001,6.9001,0.49918739,RAISE,RAISE,RAISE
443,0.1191,0.0011,5.74473892,4.778005513,10.01619353,0.208849344,9.6001,7.2001,0.522971925,RAISE,LOWER,RAISE
444,0.1181,0.0021,5.783354306,4.271454606,10.01619353,0.240465981,10.0001,7.5001,0.57354512,RAISE,LOWER,RAISE
445,0.1171,0.0031,6.472783763,4.232839219,10.01619353,0.270790859,10.4001,7.8001,0.577400416,RAISE,LOWER,RAISE
446,0.1161,0.0041,6.605142336,3.543409762,10.01619353,0.305836505,10.8001,8.1001,0.646231899,RAISE,LOWER,RAISE
447,0.1151,0.0051,6.876822847,3.411051189,10.01619353,0.372812787,11.2001,8.4001,0.659446357,RAISE,LOWER,RAISE
448,0.1141,0.0061,7.705387123,3.139370679,10.01619353,0.403208423,11.6001,8.7001,0.686570485,RAISE,LOWER,RAISE
449,0.1131,0.0071,8.670943454,2.310806403,10.01619353,0.490887373,12.0001,9.0001,0.769292956,RAISE,LOWER,RAISE
450,0.1121,0.0081,9.233757456,1.345250071,10.01619353,0.750469052,12.4001,9.3001,0.865692484,RAISE,LOWER,RAISE
451,0.1111,0.0091,10.17580652,0.78243607,10.01619353,1.372794197,12.8001,9.6001,0.921882892,RAISE,LOWER,RAISE
452,0.1101,0.0101,8.570154422,-0.159612997,10.01619353,2.601057624,13.2001,9.9001,1.015935495,HOLD,LOWER,HOLD
453,0.1091,0.0101,9.115795695,1.446039104,10.01619353,-10.73866739,13.2001,9.9001,0.855629876,RAISE,LOWER,RAISE
454,0.1081,0.0111,9.146386327,0.90039783,10.01619353,1.260795185,13.6001,10.2001,0.910105787,RAISE,LOWER,RAISE
455,0.1071,0.0121,1.539072159,0.869807199,10.01619353,2.031632245,14.0001,10.5001,0.913159905,RAISE,LOWER,RAISE
456,0.1061,0.0131,2.095228441,8.477121366,10.01619353,0.353888117,14.4001,10.8001,0.153658389,RAISE,LOWER,RAISE
457,0.1051,0.0141,2.86354126,7.920965084,10.01619353,0.049432546,14.8001,11.1001,0.209184101,RAISE,LOWER,RAISE
458,0.1041,0.0151,3.569265633,7.152652266,10.01619353,0.072302838,15.2001,11.4001,0.285891167,RAISE,LOWER,RAISE
459,0.1031,0.0161,3.638378768,6.446927893,10.01619353,0.099802577,15.6001,11.7001,0.356349508,RAISE,LOWER,RAISE
460,0.1021,0.0171,4.296397215,6.377814757,10.01619353,0.112871707,16.0001,12.0001,0.363249648,RAISE,LOWER,RAISE
461,0.1011,0.0181,4.917332254,5.71979631,10.01619353,0.134729445,16.4001,12.3001,0.428945108,RAISE,LOWER,RAISE
462,0.1001,0.0191,5.468035704,5.098861272,10.01619353,0.171940817,16.8001,12.6001,0.490938223,RAISE,LOWER,RAISE
463,0.0991,0.0201,5.594168596,4.548157822,10.01619353,0.214480662,17.2001,12.9001,0.545919534,RAISE,LOWER,RAISE
464,0.0981,0.0211,6.460437573,4.42202493,10.01619353,0.245997119,17.6001,13.2001,0.558512431,RAISE,LOWER,RAISE
465,0.0971,0.0221,7.438675361,3.555755953,10.01619353,0.29219363,18.0001,13.5001,0.644999276,RAISE,LOWER,RAISE
466,0.0961,0.0231,8.20864669,2.577518164,10.01619353,0.418401907,18.4001,13.8001,0.7426649,RAISE,LOWER,RAISE
467,0.0951,0.0241,8.761513185,1.807546835,10.01619353,0.636941908,18.8001,14.1001,0.819537549,RAISE,LOWER,RAISE
468,0.0941,0.0251,9.042090588,1.254680341,10.01619353,0.96943692,19.2001,14.4001,0.874734814,RAISE,LOWER,RAISE
469,0.0931,0.0261,10.00152299,0.974102937,10.01619353,1.441337732,19.6001,14.7001,0.902747193,RAISE,LOWER,RAISE
470,0.0921,0.0271,0.122754581,0.014670539,10.01619353,2.053483795,20.0001,15.0001,0.998535318,HOLD,LOWER,HOLD
471,0.0911,0.0271,0.732075018,9.893438945,10.01619353,1.673484244,20.0001,15.0001,0.012255612,RAISE,LOWER,RAISE
472,0.0901,0.0281,1.202989278,9.284118508,10.01619353,0.014799202,20.4001,15.3001,0.073089145,RAISE,LOWER,RAISE
473,0.0891,0.0291,1.368189037,8.813204247,10.01619353,0.025914992,20.8001,15.6001,0.120104436,RAISE,LOWER,RAISE
474,0.0881,0.0301,2.028280424,8.648004489,10.01619353,0.031048617,21.2001,15.9001,0.136597704,RAISE,LOWER,RAISE
475,0.0871,0.0311,2.336965727,7.987913101,10.01619353,0.046907479,21.6001,16.2001,0.202500123,RAISE,LOWER,RAISE
476,0.0861,0.0321,2.369074516,7.679227798,10.01619353,0.058512548,22.0001,16.5001,0.233318747,RAISE,LOWER,RAISE
477,0.0851,0.0331,2.897221085,7.647119009,10.01619353,0.061700853,22.4001,16.8001,0.236524435,RAISE,LOWER,RAISE
478,0.0841,0.0341,3.491694599,7.118972441,10.01619353,0.075772878,22.8001,17.1001,0.289253705,RAISE,LOWER,RAISE
479,0.0831,0.0351,4.070210981,6.524498926,10.01619353,0.098095466,23.2001,17.4001,0.348604946,RAISE,LOWER,RAISE
480,0.0821,0.0361,5.057523177,5.945982545,10.01619353,0.124767006,23.6001,17.7001,0.406363053,RAISE,LOWER,RAISE
481,0.0811,0.0371,5.198335859,4.958670348,10.01619353,0.170115642,24.0001,18.0001,0.504934651,RAISE,LOWER,RAISE
482,0.0801,0.0381,5.854929425,4.817857666,10.01619353,0.209666523,24.4001,18.3001,0.518993153,RAISE,LOWER,RAISE
483,0.0791,0.0391,6.351705886,4.161264101,10.01619353,0.243051158,24.8001,18.6001,0.584546356,RAISE,LOWER,RAISE
484,0.0781,0.0401,7.007875212,3.664487639,10.01619353,0.30527771,25.2001,18.9001,0.634143686,RAISE,LOWER,RAISE
485,0.0771,0.0411,7.267359693,3.008318313,10.01619353,0.382475036,25.6001,19.2001,0.699654534,RAISE,LOWER,RAISE
486,0.0761,0.0421,7.616780123,2.748833832,10.01619353,0.483150979,26.0001,19.5001,0.72556103,RAISE,LOWER,RAISE
487,0.0751,0.0431,8.547876168,2.399413403,10.01619353,0.554182653,26.4001,19.8001,0.760446581,RAISE,LOWER,RAISE
488,0.0741,0.0441,9.432699084,1.468317358,10.01619353,0.712497159,26.8001,20.1001,0.853405652,RAISE,LOWER,RAISE
489,0.0731,0.0451,10.31653717,0.583494441,10.01619353,1.284831107,27.2001,20.4001,0.941744891,RAISE,LOWER,RAISE
490,0.0721,0.0461,8.042589042,-0.300343648,10.01619353,3.536121835,27.6001,20.7001,1.029985807,STOP,LOWER,RAISE
491,0.0711,0.0001,8.236815803,1.973604484,10.01619353,-5.355591227,28.0001,21.0001,0.802958631,RAISE,LOWER,RAISE
492,0.0701,0.0011,8.523383672,1.779377722,10.01619353,0.834697719,28.4001,21.3001,0.822349906,RAISE,LOWER,RAISE
493,0.0691,0.0021,9.014324487,1.492809854,10.01619353,0.958018476,28.8001,21.6001,0.850960362,RAISE,LOWER,RAISE
494,0.0681,0.0031,9.097277435,1.001869038,10.01619353,1.207698953,29.2001,21.9001,0.899975072,RAISE,LOWER,RAISE
495,0.0671,0.0041,9.365283307,0.918916091,10.01619353,1.816061199,29.6001,22.2001,0.908256955,RAISE,LOWER,RAISE
496,0.0661,0.0051,5.892406313,0.650910219,10.01619353,2.03833264,30.0001,22.5001,0.935014213,RAISE,LOWER,RAISE
497,0.0651,0.0061,6.297437003,4.123787212,10.01619353,1.81051277,30.4001,22.8001,0.588287986,RAISE,LOWER,RAISE
498,0.0641,0.0071,7.073893409,3.718756522,10.01619353,0.305420075,30.8001,23.1001,0.628725572,RAISE,LOWER,RAISE
499,0.0631,0.0081,7.692490299,2.942300117,10.01619353,0.38044402,31.2001,23.4001,0.70624568,RAISE,LOWER,RAISE
500,0.0621,0.0091,8.052268922,2.323703226,10.01619353,0.522889576,31.6001,23.7001,0.768005358,RAISE,LOWER,RAISE
501,0.0611,0.0101,8.420801835,1.963924603,10.01619353,0.693054847,32.0001,24.0001,0.803925054,RAISE,LOWER,RAISE
502,0.0601,0.0111,9.201875727,1.595391691,10.01619353,0.857548383,32.4001,24.3001,0.840718763,RAISE,LOWER,RAISE
503,0.0591,0.0121,6.027276596,0.814317798,10.01619353,1.153556933,32.8001,24.6001,0.918699874,RAISE,LOWER,RAISE
504,0.0581,0.0131,6.46611915,3.98891693,10.01619353,1.480325398,33.2001,24.9001,0.601753209,RAISE,LOWER,RAISE
505,0.0571,0.0141,7.159489113,3.550074376,10.01619353,0.324204252,33.6001,25.2001,0.645566515,RAISE,LOWER,RAISE
506,0.0561,0.0151,7.61393742,2.856704412,10.01619353,0.403343049,34.0001,25.5001,0.714791412,RAISE,LOWER,RAISE
507,0.0551,0.0161,7.736374939,2.402256105,10.01619353,0.53305742,34.4001,25.8001,0.760162771,RAISE,LOWER,RAISE
508,0.0541,0.0171,8.008461166,2.279818586,10.01619353,0.644092437,34.8001,26.1001,0.772386727,RAISE,LOWER,RAISE
509,0.0531,0.0181,8.28834853,2.00773236,10.01619353,0.702552494,35.2001,26.4001,0.799551361,RAISE,LOWER,RAISE
510,0.0521,0.0191,8.623603754,1.727844996,10.01619353,0.82564277,35.6001,26.7001,0.827494847,RAISE,LOWER,RAISE
511,0.0511,0.0201,9.150771618,1.392589771,10.01619353,0.998191826,36.0001,27.0001,0.860966168,RAISE,LOWER,RAISE
512,0.0501,0.0211,9.287054236,0.865421907,10.01619353,1.314209225,36.4001,27.3001,0.913597725,RAISE,LOWER,RAISE
513,0.0491,0.0221,4.048003998,0.729139289,10.01619353,2.146248935,36.8001,27.6001,0.927203954,RAISE,LOWER,RAISE
514,0.0481,0.0231,5.001421722,5.968189528,10.01619353,1.110351357,37.2001,27.9001,0.404145945,RAISE,LOWER,RAISE
515,0.0471,0.0241,5.041592728,5.014771803,10.01619353,0.167602644,37.6001,28.2001,0.499333575,RAISE,LOWER,RAISE
516,0.0461,0.0251,5.21277709,4.974600797,10.01619353,0.201069677,38.0001,28.5001,0.503344181,RAISE,LOWER,RAISE
517,0.0451,0.0261,5.992458123,4.803416436,10.01619353,0.209575695,38.4001,28.8001,0.520434941,RAISE,LOWER,RAISE
518,0.0441,0.0271,6.306796174,4.023735403,10.01619353,0.249508166,38.8001,29.1001,0.598276991,RAISE,LOWER,RAISE
519,0.0431,0.0281,6.778815225,3.709397351,10.01619353,0.313479667,39.2001,29.4001,0.629659976,RAISE,LOWER,RAISE
520,0.0421,0.0291,7.622969091,3.237378301,10.01619353,0.365494154,39.6001,29.7001,0.676785568,RAISE,LOWER,RAISE
521,0.0411,0.0301,8.505767602,2.393224435,10.01619353,0.470934712,40.0001,30.0001,0.761064477,RAISE,HOLD,RAISE
522,0.0411,0.0311,9.289253488,1.510425923,10.01619353,0.710820722,40.4001,30.3001,0.849201603,RAISE,HOLD,RAISE
523,0.0411,0.0321,9.830805147,0.726940037,10.01619353,1.230017751,40.8001,30.6001,0.927423523,RAISE,HOLD,RAISE
524,0.0411,0.0331,8.721361562,0.185388379,10.01619353,2.70470868,41.2001,30.9001,0.981491135,HOLD,RAISE,HOLD
525,0.0611,0.0331,9.135108751,1.294831963,10.01619353,9.408746794,41.2001,30.9001,0.870726144,RAISE,RAISE,RAISE
526,0.0811,0.0341,2.52378974,0.881084775,10.01619353,1.411010697,41.6001,31.2001,0.912033971,RAISE,LOWER,RAISE
527,0.0801,0.0351,3.105515196,7.492403785,10.01619353,0.572882386,42.0001,31.5001,0.251970944,RAISE,LOWER,RAISE
528,0.0791,0.0361,3.226455243,6.91067833,10.01619353,0.0828977,42.4001,31.8001,0.31004944,RAISE,LOWER,RAISE
529,0.0781,0.0371,3.891944355,6.789738282,10.01619353,0.093375935,42.8001,32.1001,0.322123892,RAISE,LOWER,RAISE
530,0.0771,0.0381,4.132361743,6.124249171,10.01619353,0.114641955,43.2001,32.4001,0.388565211,RAISE,LOWER,RAISE
531,0.0761,0.0391,4.968102096,5.883831782,10.01619353,0.134950804,43.6001,32.7001,0.412568081,RAISE,LOWER,RAISE
532,0.0751,0.0401,5.583795944,5.04809143,10.01619353,0.168873016,44.0001,33.0001,0.496006999,RAISE,LOWER,RAISE
533,0.0741,0.0411,6.362539141,4.432397582,10.01619353,0.221224042,44.4001,33.3001,0.557476843,RAISE,LOWER,RAISE
534,0.0731,0.0421,6.648005792,3.653654384,10.01619353,0.287092438,44.8001,33.6001,0.63522526,RAISE,LOWER,RAISE
535,0.0721,0.0431,7.567502116,3.368187733,10.01619353,0.363909943,45.2001,33.9001,0.663725773,RAISE,LOWER,RAISE
536,0.0711,0.0441,8.082188891,2.44869141,10.01619353,0.449351563,45.6001,34.2001,0.755526747,RAISE,LOWER,RAISE
537,0.0701,0.0451,8.932621806,1.934004635,10.01619353,0.660123106,46.0001,34.5001,0.806912214,RAISE,LOWER,RAISE
538,0.0691,0.0461,9.679626298,1.08357172,10.01619353,0.923743578,46.4001,34.8001,0.891818013,RAISE,LOWER,RAISE
539,0.0681,0.0471,8.667930024,0.336567227,10.01619353,1.786614789,46.8001,35.1001,0.966397691,RAISE,HOLD,RAISE
540,0.0681,0.0481,8.68811039,1.348263501,10.01619353,5.150786722,47.2001,35.4001,0.865391628,RAISE,HOLD,RAISE
541,0.0681,0.0491,8.799150509,1.328083136,10.01619353,1.288785223,47.6001,35.7001,0.867406402,RAISE,HOLD,RAISE
542,0.0681,0.0501,9.538441936,1.217043017,10.01619353,1.325090316,48.0001,36.0001,0.878492462,RAISE,HOLD,RAISE
543,0.0681,0.0511,7.585706421,0.477751589,10.01619353,1.567478192,48.4001,36.3001,0.952302081,RAISE,HOLD,RAISE
544,0.0681,0.0521,7.598698981,2.430487104,10.01619353,3.175586055,48.8001,36.6001,0.757344235,RAISE,HOLD,RAISE
545,0.0681,0.0531,8.465086629,2.417494544,10.01619353,0.625281983,49.2001,36.9001,0.75864139,RAISE,HOLD,RAISE
546,0.0681,0.0541,9.402478953,1.551106896,10.01619353,0.700318985,49.6001,37.2001,0.845140083,RAISE,RAISE,RAISE
547,0.0881,0.0551,10.19209282,0.613714573,10.01619353,1.212357314,50.0001,37.5001,0.938727764,RAISE,RAISE,RAISE
548,0.1081,0.0561,5.00908192,-0.175899296,10.01619353,3.321443966,50.4001,37.8001,1.017561491,HOLD,LOWER,HOLD
549,0.1071,0.0561,5.821256582,5.007111606,10.01619353,-5.695397347,50.4001,37.8001,0.500098356,RAISE,LOWER,RAISE
550,0.1061,0.0571,6.052119865,4.194936944,10.01619353,0.232519546,50.8001,38.1001,0.581184516,RAISE,LOWER,RAISE
551,0.1051,0.0581,6.876885085,3.96407366,10.01619353,0.288544021,51.2001,38.4001,0.604233519,RAISE,LOWER,RAISE
552,0.1041,0.0591,7.096100223,3.13930844,10.01619353,0.34696051,51.6001,38.7001,0.686576699,RAISE,LOWER,RAISE
553,0.1031,0.0601,7.106065159,2.920093303,10.01619353,0.452080473,52.0001,39.0001,0.708462771,RAISE,LOWER,RAISE
554,0.1021,0.0611,7.702671202,2.910128366,10.01619353,0.48670124,52.4001,39.3001,0.709457654,RAISE,LOWER,RAISE
555,0.1011,0.0621,8.437880205,2.313522323,10.01619353,0.529369858,52.8001,39.6001,0.769021803,RAISE,LOWER,RAISE
556,0.1001,0.0631,8.553614413,1.57831332,10.01619353,0.729440137,53.2001,39.9001,0.842423839,RAISE,LOWER,RAISE
557,0.0991,0.0641,9.210601259,1.462579112,10.01619353,1.083893078,53.6001,40.2001,0.853978549,RAISE,LOWER,RAISE
558,0.0981,0.0651,10.09998949,0.805592267,10.01619353,1.259501272,54.0001,40.5001,0.919571016,RAISE,LOWER,RAISE
559,0.0971,0.0661,5.838369888,-0.083795966,10.01619353,2.507469326,54.4001,40.8001,1.008366049,HOLD,LOWER,HOLD
560,0.0961,0.0661,6.271783961,4.177823638,10.01619353,-13.93472774,54.4001,40.8001,0.582893079,RAISE,HOLD,RAISE
561,0.0961,0.0671,7.048404841,3.744409565,10.01619353,0.300241681,54.8001,41.1001,0.626164415,RAISE,HOLD,RAISE
562,0.0961,0.0681,7.488358042,2.967788685,10.01619353,0.376476169,55.2001,41.4001,0.703700944,RAISE,HOLD,RAISE
563,0.0961,0.0691,8.438446912,2.527835483,10.01619353,0.504642267,55.6001,41.7001,0.747625136,RAISE,HOLD,RAISE
564,0.0961,0.0701,8.913363698,1.577746613,10.01619353,0.667642097,56.0001,42.0001,0.842480418,RAISE,HOLD,RAISE
565,0.0961,0.0711,9.566770291,1.102829827,10.01619353,1.129885322,56.4001,42.3001,0.889895316,RAISE,HOLD,RAISE
566,0.0961,0.0721,4.084647674,0.449423234,10.01619353,1.734949501,56.8001,42.6001,0.955130336,RAISE,HOLD,RAISE
567,0.0961,0.0731,4.595657418,5.931545851,10.01619353,1.817728753,57.2001,42.9001,0.407804388,RAISE,HOLD,RAISE
568,0.0961,0.0741,4.830477991,5.420536108,10.01619353,0.154956483,57.6001,43.2001,0.458822746,RAISE,HOLD,RAISE
569,0.0961,0.0751,5.775232612,5.185715534,10.01619353,0.178228791,58.0001,43.5001,0.482266839,RAISE,RAISE,RAISE
570,0.1161,0.0761,6.294488952,4.240960913,10.01619353,0.22273619,58.4001,43.8001,0.576589559,RAISE,RAISE,RAISE
571,0.1361,0.0771,6.315957846,3.721704573,10.01619353,0.296842583,58.8001,44.1001,0.628431243,RAISE,LOWER,RAISE
572,0.1351,0.0781,6.493218706,3.700235679,10.01619353,0.339412101,59.2001,44.4001,0.630574662,RAISE,LOWER,RAISE
573,0.1341,0.0791,6.571224707,3.522974819,10.01619353,0.35096244,59.6001,44.7001,0.64827209,RAISE,LOWER,RAISE
574,0.1331,0.0801,6.811208105,3.444968819,10.01619353,0.373049769,60.0001,45.0001,0.656060078,RAISE,LOWER,RAISE
575,0.1321,0.0811,7.800443471,3.204985421,10.01619353,0.395429304,60.4001,45.3001,0.680019619,RAISE,LOWER,RAISE
576,0.1311,0.0821,8.783016244,2.215750054,10.01619353,0.486769358,60.8001,45.6001,0.778783223,RAISE,LOWER,RAISE
577,0.1301,0.0831,8.971911244,1.233177281,10.01619353,0.792780416,61.2001,45.9001,0.876881644,RAISE,LOWER,RAISE
578,0.1291,0.0841,9.735707628,1.044282281,10.01619353,1.455088637,61.6001,46.2001,0.895740605,RAISE,LOWER,RAISE
579,0.1281,0.0851,10.13973963,0.280485898,10.01619353,1.864573938,62.0001,46.5001,0.971996757,RAISE,LOWER,STOP
580,0.1271,0.0861,0.864659756,-0.1235461,10.01619353,7.230124368,0.0001,0.0001,1.012334636,HOLD,LOWER,HOLD
581,0.1261,0.0861,0.978734531,9.15153377,10.01619353,-1.399736219,0.0001,0.0001,0.086326183,RAISE,HOLD,RAISE
582,0.1261,0.0871,1.693266599,9.037458994,10.01619353,0.021389519,0.4001,0.3001,0.097715218,RAISE,HOLD,RAISE
583,0.1261,0.0881,2.527215037,8.322926927,10.01619353,0.037472183,0.8001,0.6001,0.169052904,RAISE,HOLD,RAISE
584,0.1261,0.0891,3.359748927,7.488978488,10.01619353,0.060728997,1.2001,0.9001,0.25231292,RAISE,HOLD,RAISE
585,0.1261,0.0901,3.562317725,6.656444599,10.01619353,0.089725159,1.6001,1.2001,0.33543171,RAISE,HOLD,RAISE
586,0.1261,0.0911,3.781934966,6.4538758,10.01619353,0.107033648,2.0001,1.5001,0.35565584,RAISE,HOLD,RAISE
587,0.1261,0.0921,4.590287446,6.234258559,10.01619353,0.117198877,2.4001,1.8001,0.377582058,RAISE,HOLD,RAISE
588,0.1261,0.0931,4.902123187,5.42590608,10.01619353,0.147260092,2.8001,2.1001,0.458286617,RAISE,HOLD,RAISE
589,0.1261,0.0941,5.222571507,5.114070339,10.01619353,0.180693256,3.2001,2.4001,0.489419775,RAISE,HOLD,RAISE
590,0.1261,0.0951,5.976661389,4.793622018,10.01619353,0.204243241,3.6001,2.7001,0.5214128,RAISE,HOLD,RAISE
591,0.1261,0.0961,6.738492706,4.039532137,10.01619353,0.249358893,4.0001,3.0001,0.596699871,RAISE,HOLD,RAISE
592,0.1261,0.0971,7.153521165,3.27770082,10.01619353,0.333627384,4.4001,3.3001,0.672759835,RAISE,HOLD,RAISE
593,0.1261,0.0981,7.41047046,2.862672361,10.01619353,0.436496286,4.8001,3.6001,0.714195582,RAISE,RAISE,RAISE
594,0.1461,0.0991,7.587677538,2.605723066,10.01619353,0.517730954,5.2001,3.9001,0.73984897,RAISE,RAISE,RAISE
595,0.1661,0.1001,7.638001166,2.428515988,10.01619353,0.582385568,5.6001,4.2001,0.757541028,RAISE,HOLD,RAISE
596,0.1661,0.1011,8.015535375,2.378192359,10.01619353,0.62902622,6.0001,4.5001,0.762565255,RAISE,LOWER,RAISE
597,0.1651,0.1021,8.249092389,2.00065815,10.01619353,0.674086379,6.4001,4.8001,0.800257638,RAISE,LOWER,RAISE
598,0.1641,0.1031,8.752348125,1.767101137,10.01619353,0.824637871,6.8001,5.1001,0.82357558,RAISE,LOWER,RAISE
599,0.1631,0.1041,9.564550855,1.2638454,10.01619353,0.990588251,7.2001,5.4001,0.87381979,RAISE,LOWER,RAISE
600,0.1621,0.1051,6.477312911,0.451642671,10.01619353,1.513563424,7.6001,5.7001,0.954908752,RAISE,LOWER,RAISE
601,0.1611,0.1061,7.006553497,3.538880615,10.01619353,2.868335227,8.0001,6.0001,0.646684082,RAISE,LOWER,RAISE
602,0.1601,0.1071,7.145612111,3.009640029,10.01619353,0.395975692,8.4001,6.3001,0.699522576,RAISE,LOWER,RAISE
603,0.1591,0.1081,7.227683867,2.870581415,10.01619353,0.47484829,8.8001,6.6001,0.713405955,RAISE,HOLD,RAISE
604,0.1591,0.1091,7.931230261,2.788509659,10.01619353,0.503569335,9.2001,6.9001,0.721599862,RAISE,HOLD,RAISE
605,0.1591,0.1101,8.039739282,2.084963264,10.01619353,0.568850837,9.6001,7.2001,0.791840757,RAISE,HOLD,RAISE
606,0.1591,0.1111,8.173605842,1.976454243,10.01619353,0.771211601,10.0001,7.5001,0.802674116,RAISE,HOLD,RAISE
607,0.1591,0.1121,8.717043342,1.842587683,10.01619353,0.827097907,10.4001,7.8001,0.816039129,RAISE,HOLD,RAISE
608,0.1591,0.1131,8.805369647,1.299150184,10.01619353,0.94617406,10.8001,8.1001,0.87029502,RAISE,HOLD,RAISE
609,0.1591,0.1141,9.661078395,1.210823878,10.01619353,1.355558389,11.2001,8.4001,0.87911337,RAISE,HOLD,RAISE
610,0.1591,0.1151,5.721672694,0.355115131,10.01619353,1.595785906,11.6001,8.7001,0.9645459,RAISE,HOLD,RAISE
611,0.1591,0.1161,6.174359038,4.294520832,10.01619353,3.222432502,12.0001,9.0001,0.571242227,RAISE,HOLD,RAISE
612,0.1591,0.1171,6.953391035,3.841834487,10.01619353,0.287545888,12.4001,9.3001,0.616437674,RAISE,HOLD,RAISE
613,0.1591,0.1181,7.520688982,3.06280249,10.01619353,0.361982853,12.8001,9.6001,0.694214925,RAISE,HOLD,RAISE
614,0.1591,0.1191,7.91657361,2.495504544,10.01619353,0.491098529,13.2001,9.9001,0.750853002,RAISE,HOLD,RAISE
615,0.1591,0.1201,8.295936817,2.099619915,10.01619353,0.634466776,13.6001,10.2001,0.790377461,RAISE,HOLD,RAISE
616,0.1591,0.1211,8.373841545,1.720256709,10.01619353,0.790232247,14.0001,10.5001,0.828252449,RAISE,HOLD,RAISE
617,0.1591,0.1221,8.591478746,1.642351981,10.01619353,0.973557203,14.4001,10.8001,0.836030327,RAISE,HOLD,RAISE
618,0.1591,0.1231,9.543320539,1.424714779,10.01619353,1.04624086,14.8001,11.1001,0.857758861,RAISE,HOLD,RAISE
619,0.1591,0.1241,3.802818786,0.472872986,10.01619353,1.339681553,15.2001,11.4001,0.952789152,RAISE,RAISE,RAISE
620,0.1791,0.1251,4.210113502,6.21337474,10.01619353,1.608389101,15.6001,11.7001,0.379667064,RAISE,RAISE,RAISE
621,0.1991,0.1261,4.709790689,5.806080024,10.01619353,0.135517772,16.0001,12.0001,0.420330687,RAISE,HOLD,RAISE
622,0.1991,0.1271,4.878059483,5.306402836,10.01619353,0.162236506,16.4001,12.3001,0.470217621,RAISE,LOWER,RAISE
623,0.1981,0.1281,5.614431385,5.138134042,10.01619353,0.183855604,16.8001,12.6001,0.487017296,RAISE,LOWER,RAISE
624,0.1971,0.1291,6.202473239,4.40176214,10.01619353,0.218539701,17.2001,12.9001,0.560535434,RAISE,LOWER,RAISE
625,0.1961,0.1301,6.580921911,3.813720287,10.01619353,0.281817738,17.6001,13.2001,0.619244549,RAISE,LOWER,RAISE
626,0.1951,0.1311,7.390497517,3.435271614,10.01619353,0.345118227,18.0001,13.5001,0.657028231,RAISE,LOWER,RAISE
627,0.1941,0.1321,7.472402138,2.625696009,10.01619353,0.43027151,18.4001,13.8001,0.737854904,RAISE,HOLD,RAISE
628,0.1941,0.1331,8.054891773,2.543791387,10.01619353,0.569174963,18.8001,14.1001,0.746032125,RAISE,HOLD,RAISE
629,0.1941,0.1341,8.53591232,1.961301753,10.01619353,0.63329814,19.2001,14.4001,0.804186915,RAISE,HOLD,RAISE
630,0.1941,0.1351,8.672152712,1.480281205,10.01619353,0.870433355,19.6001,14.7001,0.852211202,RAISE,HOLD,RAISE
631,0.1941,0.1361,9.223833518,1.344040814,10.01619353,1.171689903,20.0001,15.0001,0.865813214,RAISE,HOLD,RAISE
632,0.1941,0.1371,9.363506868,0.792360008,10.01619353,1.372552593,20.4001,15.3001,0.920892103,RAISE,HOLD,RAISE
633,0.1941,0.1381,9.405574526,0.652686657,10.01619353,2.363447619,20.8001,15.6001,0.934836856,RAISE,HOLD,RAISE
634,0.1941,0.1391,7.915590191,0.610619,10.01619353,2.88211025,21.2001,15.9001,0.939036821,RAISE,HOLD,RAISE
635,0.1941,0.1401,8.104149421,2.100603334,10.01619353,2.592644577,21.6001,16.2001,0.790279278,RAISE,HOLD,RAISE
636,0.1941,0.1411,8.176294156,1.912044104,10.01619353,0.771602071,22.0001,16.5001,0.809104716,RAISE,HOLD,RAISE
637,0.1941,0.1421,8.352982918,1.83989937,10.01619353,0.855241167,22.4001,16.8001,0.816307526,RAISE,HOLD,RAISE
638,0.1941,0.1431,8.947781012,1.663210607,10.01619353,0.907982584,22.8001,17.1001,0.833947836,RAISE,HOLD,RAISE
639,0.1941,0.1441,9.456699775,1.068412514,10.01619353,1.075964881,23.2001,17.4001,0.893331483,RAISE,HOLD,RAISE
640,0.1941,0.1451,10.16512935,0.559493751,10.01619353,1.77023381,23.6001,17.7001,0.94414108,RAISE,HOLD,RAISE
641,0.1941,0.1461,6.794644365,-0.148935828,10.01619353,3.633688255,24.0001,18.0001,1.014869504,HOLD,STOP,HOLD
642,0.0001,0.1461,6.889299648,3.221549161,10.01619353,-9.124257698,24.0001,18.0001,0.678365923,RAISE,HOLD,RAISE
643,0.0001,0.1471,7.238044111,3.126893878,10.01619353,0.427701041,24.4001,18.3001,0.687816148,RAISE,RAISE,RAISE
644,0.0201,0.1481,7.511660379,2.778149415,10.01619353,0.462954254,24.8001,18.6001,0.722634212,RAISE,RAISE,RAISE
645,0.0401,0.1491,7.906771798,2.504533146,10.01619353,0.540767198,25.2001,18.9001,0.749951602,RAISE,RAISE,RAISE
646,0.0601,0.1501,8.602677437,2.109421728,10.01619353,0.631396858,25.6001,19.2001,0.789398865,RAISE,RAISE,RAISE
647,0.0801,0.1511,9.02768353,1.413516088,10.01619353,0.8156432,26.0001,19.5001,0.858876919,RAISE,RAISE,RAISE
648,0.1001,0.1521,0.014567547,0.988509995,10.01619353,1.277337217,26.4001,19.8001,0.901308816,RAISE,RAISE,RAISE
649,0.1201,0.1531,0.161457736,10.00162598,10.01619353,0.002947375,26.8001,20.1001,0.0014544,RAISE,RAISE,RAISE
650,0.1401,0.1541,0.50414783,9.854735789,10.01619353,0.00322863,27.2001,20.4001,0.01611967,RAISE,RAISE,RAISE
651,0.1601,0.1551,0.554478946,9.512045696,10.01619353,0.010231585,27.6001,20.7001,0.050333276,RAISE,RAISE,RAISE
652,0.1801,0.1561,1.38692593,9.46171458,10.01619353,0.011658458,28.0001,21.0001,0.05535825,RAISE,RAISE,RAISE
653,0.2001,0.1571,2.001765361,8.629267595,10.01619353,0.029316588,28.4001,21.3001,0.138468364,RAISE,RAISE,RAISE
654,0.2201,0.1581,2.188752496,8.014428164,10.01619353,0.046394792,28.8001,21.6001,0.199852904,RAISE,RAISE,RAISE
655,0.2401,0.1591,2.701878188,7.82744103,10.01619353,0.054620304,29.2001,21.9001,0.218521386,RAISE,HOLD,RAISE
656,0.2401,0.1601,2.834158792,7.314315337,10.01619353,0.069036053,29.6001,22.2001,0.269750997,RAISE,LOWER,RAISE
657,0.2391,0.1611,3.2750584,7.182034734,10.01619353,0.077496216,30.0001,22.5001,0.282957671,RAISE,HOLD,RAISE
658,0.2391,0.1621,4.101307133,6.741135126,10.01619353,0.091201408,30.4001,22.8001,0.32697635,RAISE,HOLD,RAISE
659,0.2391,0.1631,4.390900722,5.914886392,10.01619353,0.121680016,30.8001,23.1001,0.409467641,RAISE,HOLD,RAISE
660,0.2391,0.1641,5.094234901,5.625292804,10.01619353,0.148469486,31.2001,23.4001,0.43838018,RAISE,HOLD,RAISE
661,0.2391,0.1651,5.790033369,4.921958625,10.01619353,0.181118924,31.6001,23.7001,0.508599888,RAISE,HOLD,RAISE
662,0.2391,0.1661,6.313930337,4.226160157,10.01619353,0.235273549,32.0001,24.0001,0.578067242,RAISE,HOLD,RAISE
663,0.2391,0.1671,7.207268338,3.702263189,10.01619353,0.298802227,32.4001,24.3001,0.630372239,RAISE,HOLD,RAISE
664,0.2391,0.1681,7.689057617,2.808925188,10.01619353,0.389343921,32.8001,24.6001,0.71956161,RAISE,HOLD,RAISE
665,0.2391,0.1691,8.092297864,2.327135909,10.01619353,0.547473293,33.2001,24.9001,0.767662645,RAISE,HOLD,RAISE
666,0.2391,0.1701,8.676599003,1.923895662,10.01619353,0.695472734,33.6001,25.2001,0.807921477,RAISE,HOLD,RAISE
667,0.2391,0.1711,9.010480837,1.339594523,10.01619353,0.901982283,34.0001,25.5001,0.866257125,RAISE,HOLD,RAISE
668,0.2391,0.1721,9.732972832,1.005712689,10.01619353,1.345254954,34.4001,25.8001,0.899591328,RAISE,HOLD,RAISE
669,0.2391,0.1731,8.179475678,0.283220694,10.01619353,1.935537443,34.8001,26.1001,0.97172372,RAISE,HOLD,STOP
670,0.2391,0.1741,8.379084306,1.836717848,10.01619353,5.776043814,0.0001,0.0001,0.816625164,RAISE,HOLD,RAISE
671,0.2391,0.1751,8.493181753,1.637109219,10.01619353,0.912397548,0.4001,0.3001,0.836553755,RAISE,HOLD,RAISE
672,0.2391,0.1761,9.203528024,1.523011772,10.01619353,1.03758279,0.8001,0.6001,0.847945053,RAISE,HOLD,RAISE
673,0.2391,0.1771,0.727368552,0.812665501,10.01619353,1.208595783,1.2001,0.9001,0.918864836,RAISE,HOLD,RAISE
674,0.2391,0.1781,1.457473221,9.288824973,10.01619353,0.179008104,1.6001,1.2001,0.072619259,RAISE,HOLD,RAISE
675,0.2391,0.1791,1.704236126,8.558720304,10.01619353,0.031381218,2.0001,1.5001,0.145511687,RAISE,HOLD,RAISE
676,0.2391,0.1801,2.220364925,8.3119574,10.01619353,0.039824555,2.4001,1.8001,0.170148083,RAISE,HOLD,RAISE
677,0.2391,0.1811,2.368666989,7.7958286,10.01619353,0.053425801,2.8001,2.1001,0.221677518,RAISE,HOLD,RAISE
678,0.2391,0.1821,2.936140658,7.647526537,10.01619353,0.060767549,3.2001,2.4001,0.236483748,RAISE,HOLD,RAISE
679,0.2391,0.1831,3.180617518,7.080052868,10.01619353,0.076786675,3.6001,2.7001,0.29313937,RAISE,HOLD,RAISE
680,0.2391,0.1841,3.557161148,6.835576007,10.01619353,0.089847282,4.0001,3.0001,0.31754753,RAISE,HOLD,RAISE
681,0.2391,0.1851,3.837936453,6.459032377,10.01619353,0.104077876,4.4001,3.3001,0.355141016,RAISE,RAISE,RAISE
682,0.2591,0.1861,4.669327334,6.178257073,10.01619353,0.118839363,4.8001,3.6001,0.383173153,RAISE,RAISE,RAISE
683,0.2791,0.1871,4.934143621,5.346866191,10.01619353,0.151153546,5.2001,3.9001,0.466177827,RAISE,HOLD,RAISE
684,0.2791,0.1881,4.964655239,5.082049905,10.01619353,0.184562076,5.6001,4.2001,0.492616642,RAISE,HOLD,RAISE
685,0.2791,0.1891,5.652804976,5.051538286,10.01619353,0.195380027,6.0001,4.5001,0.495662871,RAISE,HOLD,RAISE
686,0.2791,0.1901,6.168318635,4.363388549,10.01619353,0.223805291,6.4001,4.8001,0.564366589,RAISE,HOLD,RAISE
687,0.2791,0.1911,6.766899969,3.84787489,10.01619353,0.282730661,6.8001,5.1001,0.61583461,RAISE,HOLD,RAISE
688,0.2791,0.1921,7.48563871,3.249293557,10.01619353,0.351721413,7.2001,5.4001,0.675595969,RAISE,HOLD,RAISE
689,0.2791,0.1931,8.019418893,2.530554816,10.01619353,0.460754843,7.6001,5.7001,0.747353642,RAISE,HOLD,RAISE
690,0.2791,0.1941,8.700379102,1.996774633,10.01619353,0.633807167,8.0001,6.0001,0.800645362,RAISE,HOLD,RAISE
691,0.2791,0.1951,9.387343889,1.315814424,10.01619353,0.871443272,8.4001,6.3001,0.86863129,RAISE,HOLD,RAISE
692,0.2791,0.1961,9.958354916,0.628849636,10.01619353,1.426849215,8.8001,6.6001,0.937216705,RAISE,HOLD,RAISE
693,0.2791,0.1971,9.928748258,0.057838609,10.01619353,3.167165675,9.2001,6.9001,0.99422549,HOLD,STOP,HOLD
694,0.0001,0.1971,0.752375268,0.087445268,10.01619353,34.33259694,9.2001,6.9001,0.991269611,HOLD,STOP,HOLD
695,0.0001,0.1971,0.862755595,9.263818257,10.01619353,1.720791277,9.2001,6.9001,0.075115888,RAISE,RAISE,RAISE
696,0.0201,0.1981,1.620263207,9.15343793,10.01619353,0.01862635,9.6001,7.2001,0.086136075,RAISE,RAISE,RAISE
697,0.0401,0.1991,2.205029063,8.395930319,10.01619353,0.035402288,10.0001,7.5001,0.161764367,RAISE,RAISE,RAISE
698,0.0601,0.2001,2.251079616,7.811164463,10.01619353,0.05252614,10.4001,7.8001,0.220146412,RAISE,RAISE,RAISE
699,0.0801,0.2011,2.264665083,7.76511391,10.01619353,0.057637491,10.8001,8.1001,0.224744022,RAISE,RAISE,RAISE